walking_dist,walkability_score,euclidean_dist,driving_dist,walking_osrm,pct_black,pct_poverty,pct_no_vehicle,pct_bachelors,median_income,vulnerability_index
1.154510544695341,64.89589905362776,1.2028479814944746,1.2882299576223792,1.1689885294592814,48.35630965005302,31.038374717832955,0,42.99191374663073,56750,-0.15062481098759678
1.0979656256602086,64.96465043205028,0.95878808168873,1.1199000832639467,1.086780916400512,66.83199008059516,24.37810945273632,0,3.4712950600801067,45420,-0.06465677750891319
0.794114357438453,73.50649350649351,0.7124461916489327,0.7997067120683014,0.7947357301751029,66.83199008059516,24.37810945273632,0,3.4712950600801067,45420,-0.06465677750891319
0.9183889047684144,40,0.573135282773938,0.900555507226565,0.8914834652714778,68.12539448769198,40.13113271535157,1.0423452768729642,4.180064308681672,40528,0.4074715279883105
0.7673953297625113,40,0.5425909639459475,0.7191146681248214,0.7191146681248214,68.12539448769198,40.13113271535157,1.0423452768729642,4.180064308681672,40528,0.4074715279883105
0.5120111349994408,40,0.3305501887056021,0.4638547479090807,0.4638547479090807,68.12539448769198,40.13113271535157,1.0423452768729642,4.180064308681672,40528,0.4074715279883105
0.3429977506306933,50,0.1831916833222144,0.2951520499086582,0.2951520499086582,68.12539448769198,40.13113271535157,1.0423452768729642,4.180064308681672,40528,0.4074715279883105
0.154100438689152,50,0.143923648333343,0.0789143375545254,0.0789143375545254,68.12539448769198,40.13113271535157,1.0423452768729642,4.180064308681672,40528,0.4074715279883105
0.3790373693563821,82.85714285714286,0.5497527283909677,0.4034573179067195,0.3901599413424136,68.12539448769198,40.13113271535157,1.0423452768729642,4.180064308681672,40528,0.4074715279883105
0.3628816782034871,82.38532110091742,0.3460658009021353,0.3632545018454771,0.3646836591397716,68.12539448769198,40.13113271535157,1.0423452768729642,4.180064308681672,40528,0.4074715279883105
0.6903451104179353,72.22222222222223,0.4602192619437676,0.8433270781811179,0.6963724259634385,21.027231988969323,19.47604274388142,0.9433962264150944,17.76,39082,-0.6466014616634362
0.6275864640163048,72.5136612021858,0.5257726612734186,0.6512607652826624,0.6445499397268446,21.027231988969323,19.47604274388142,0.9433962264150944,17.76,39082,-0.6466014616634362
0.4368250338648142,83.125,0.3194226227699517,0.4538506468490189,0.4555283532379733,21.027231988969323,19.47604274388142,0.9433962264150944,17.76,39082,-0.6466014616634362
0.2653261585494675,82.64957264957265,0.2346370541325671,0.2677495122224017,0.2677495122224017,90.83541147132168,47.34721289456011,2.3047375160051216,12.360688956433636,24090,0.9847579070923664
0.5604782084581257,72.9607250755287,0.5334221777597792,0.5608510321001157,0.5608510321001157,90.83541147132168,47.34721289456011,2.3047375160051216,12.360688956433636,24090,0.9847579070923664
0.3784159966197323,82.22222222222223,0.3407776776154387,0.3781053102514074,0.3781053102514074,52.35562310030395,62.02435312024354,6.882022471910113,18.435754189944134,30000,1.3099510868430884
0.7667739570258616,75.97222222222223,0.6906789638211903,0.7895161991872445,0.7469521667267327,52.35562310030395,62.02435312024354,6.882022471910113,18.435754189944134,30000,1.3099510868430884
0.3933289422993277,80.19900497512438,0.3855842612585214,0.395441609603937,0.3255993140044987,16.59249841068023,3.958090803259604,0,13.998170173833484,127538,-1.1424849245142694
1.045148943044975,60.16901408450704,0.678114282887897,1.0431605502876955,0.791193905576199,16.59249841068023,3.958090803259604,0,13.998170173833484,127538,-1.1424849245142694
1.244609591509563,60.48526863084922,1.1147568830058354,1.2585283408105188,2.0275392396883194,83.42361863488624,44.95614035087719,2.756892230576441,3.385049365303244,35176,0.8874277035745872
1.4645755402835945,61.264367816091955,0.7659034218793284,1.488622665191942,1.4488548100463543,83.42361863488624,44.95614035087719,2.756892230576441,3.385049365303244,35176,0.8874277035745872
0.7680167024991612,71.51624548736461,0.6463743454454417,0.7696322716144506,0.7696322716144506,95.82811848143513,30.67190226876091,2.9561671763506627,10.707911957168353,27948,0.7513746633129617
0.7319770837734724,72.61780104712042,0.4014151729189057,0.8567487292927536,0.7947978674487678,95.82811848143513,30.67190226876091,2.9561671763506627,10.707911957168353,27948,0.7513746633129617
0.2367430126635764,81.60714285714286,0.1615082753038726,0.2374886599475561,0.2374886599475561,95.82811848143513,30.67190226876091,2.9561671763506627,10.707911957168353,27948,0.7513746633129617
0.3672312873600358,87.40484429065744,0.3058698025785407,0.3689089937489903,0.3671070128127058,95.82811848143513,30.67190226876091,2.9561671763506627,10.707911957168353,27948,0.7513746633129617
0.6717039283184412,75.625,0.5616575547084514,0.7572048168814545,0.6723253010550909,95.82811848143513,30.67190226876091,2.9561671763506627,10.707911957168353,27948,0.7513746633129617
0.5555072265649272,71.88679245283019,0.4259042672494931,0.5556315011122572,0.5489828128301043,95.82811848143513,30.67190226876091,2.9561671763506627,10.707911957168353,27948,0.7513746633129617
0.5573713447748767,71.78082191780823,0.3918791794660898,0.5561907365752421,0.5561907365752421,96.8414779499404,53.87365911799762,5.6241426611796985,3.9487726787620065,22164,1.5559759558400872
0.2013247666745374,82.4074074074074,0.1548371160536692,0.2019461394111872,0.2019461394111872,96.8414779499404,53.87365911799762,5.6241426611796985,3.9487726787620065,22164,1.5559759558400872
0.4778356344837014,81.84397163120568,0.3698094088967792,0.4767171635577318,0.4750394571687772,96.8414779499404,53.87365911799762,5.6241426611796985,3.9487726787620065,22164,1.5559759558400872
0.9662346054904496,70.1980198019802,0.7175321928653267,0.9555469944200728,0.955360582599078,54.67289719626168,22.07943925233645,0,21.47458840372226,65089,-0.26760796942339005
0.2255583034038798,80.26845637583892,0.1749222051722176,0.2166726732697876,0.2166726732697876,54.67289719626168,22.07943925233645,0,21.47458840372226,65089,-0.26760796942339005
0.3405122596840941,80.83916083916084,0.2785122195343932,0.3911541377210534,0.3909677259000584,22.636262513904335,3.4820824881676806,1.2756909992912826,26.143497757847538,97127,-0.9414498685473598
0.5828476269775188,40,0.2804494810264038,0.4476990567561857,0.3884822349534592,22.636262513904335,3.4820824881676806,1.2756909992912826,26.143497757847538,97127,-0.9414498685473598
0.7642884660792624,40,0.5227891180221514,0.4683907688866243,0.4683907688866243,22.636262513904335,3.4820824881676806,1.2756909992912826,26.143497757847538,97127,-0.9414498685473598
0.5151179986826898,77.83171521035598,0.2950408034409756,0.5812320578622292,0.507847937663887,22.636262513904335,3.4820824881676806,1.2756909992912826,26.143497757847538,97127,-0.9414498685473598
1.945518038450545,65.49180327868852,1.210330953609828,1.6510494985522015,1.6292393154957934,68.22531535450196,32.42009132420091,0,15.203562340966922,44597,0.12899851117364844
0.8736500677296284,75.85812356979406,0.8510074552493333,1.0992705084071732,0.868244124920775,68.22531535450196,32.42009132420091,0,15.203562340966922,44597,0.12899851117364844
0.2168590850907825,87.23646723646723,0.1855814909926727,0.4987758957087999,0.282911006996657,68.22531535450196,32.42009132420091,0,15.203562340966922,44597,0.12899851117364844
1.256415673505909,61.3986013986014,0.730984398796291,1.357015919569513,1.1784955323300237,53.12426866370231,38.731570325298385,0,12.885662431941924,21928,0.07774141420604963
1.3856612027290691,61.476190476190474,1.1564646684719195,1.3965352256204409,1.385785477276399,53.12426866370231,38.731570325298385,0,12.885662431941924,21928,0.07774141420604963
1.0327214883119789,61.90163934426229,0.8799685350926955,1.035890489268893,1.035641940174233,53.12426866370231,38.731570325298385,0,12.885662431941924,21928,0.07774141420604963
1.193035654367629,62.61682242990654,0.9330318760561448,1.3209763008438242,1.340735953869288,53.12426866370231,38.731570325298385,0,12.885662431941924,21928,0.07774141420604963
0.9705842146469982,40,0.5726591999919072,1.0282476046081002,0.9908409658617818,48.4779299847793,11.304517895560338,1.3924703455389376,13.924812030075188,70349,-0.4333639925209017
1.2744354828687536,60.388888888888886,0.9460001381541806,1.273503423763779,1.2670411473026209,48.4779299847793,11.304517895560338,1.3924703455389376,13.924812030075188,70349,-0.4333639925209017
1.2340462549865163,30,0.9846176836767596,1.17433233499447,1.1741459231734748,48.4779299847793,11.304517895560338,1.3924703455389376,13.924812030075188,70349,-0.4333639925209017
0.5741484086644215,40,0.3058297569182888,0.5144966259460401,0.5144966259460401,48.4779299847793,11.304517895560338,1.3924703455389376,13.924812030075188,70349,-0.4333639925209017
0.2789963587557632,50,0.228998279400713,0.3386481414741447,0.3386481414741447,48.4779299847793,11.304517895560338,1.3924703455389376,13.924812030075188,70349,-0.4333639925209017
1.6640361887481825,30,1.0744256549143063,1.862067679918476,1.8354107895161993,48.1793560036112,28.45036319612591,0.3893575600259572,7.940346634421604,42236,-0.16814798115604898
1.006623833372687,61.95488721804512,0.6896895768300657,1.0086122261299664,1.010227795245256,48.1793560036112,28.45036319612591,0.3893575600259572,7.940346634421604,42236,-0.16814798115604898
1.1277915170193993,62.10526315789474,0.8668385971928481,1.1116358258665044,1.10871537400425,48.1793560036112,28.45036319612591,0.3893575600259572,7.940346634421604,42236,-0.16814798115604898
1.492537313432836,62.56983240223464,1.1494978585241449,1.7228180496352543,1.4905489206755569,29.971284996410624,16.295764536970566,2.352102637205987,18.704663212435232,42351,-0.4542677939467541
0.4939913256365963,83.21070234113712,0.4055849849878566,0.6037878882026173,0.4961661302148707,29.971284996410624,16.295764536970566,2.352102637205987,18.704663212435232,42351,-0.4542677939467541
0.7512396386096164,72.58426966292134,0.4459306055767251,0.7513639131569464,0.7477599512843776,29.971284996410624,16.295764536970566,2.352102637205987,18.704663212435232,42351,-0.4542677939467541
1.2688431282389054,62.91793313069909,0.975791286395092,1.3218462226751342,1.2688431282389054,29.971284996410624,16.295764536970566,2.352102637205987,18.704663212435232,42351,-0.4542677939467541
0.7779586662855581,40,0.549421784094683,0.7015298196776318,0.6459790970211391,32.69569041336851,16.46825396825397,0,34.44220430107527,91159,-0.6663406353653666
1.3477574657934308,30,1.024160445117811,1.3482545639827508,1.2596468117364883,32.69569041336851,16.46825396825397,0,34.44220430107527,91159,-0.6663406353653666
1.6572010886450348,30,1.1242765276480962,1.23808517777474,1.1788683559720134,32.69569041336851,16.46825396825397,0,34.44220430107527,91159,-0.6663406353653666
2.8465085065927647,20,1.2462355380896597,1.644649359364709,1.4915431170541962,32.69569041336851,16.46825396825397,0,34.44220430107527,91159,-0.6663406353653666
3.515105571227957,40.91903719912473,0.7162366678739613,0.8231324642399991,0.8231324642399991,69.10021551724138,12.108843537414966,8.447488584474886,22.348207754206292,71310,0.5930552280382037
0.4803211254303006,50,0.3887585788522127,0.5150558614090248,0.4819988318192551,69.10021551724138,12.108843537414966,8.447488584474886,22.348207754206292,71310,0.5930552280382037
0.4666509252240049,50,0.4204307674657289,0.4640411597300757,0.4640411597300757,69.10021551724138,12.108843537414966,8.447488584474886,22.348207754206292,71310,0.5930552280382037
0.6393925460126512,70.41237113402062,0.5176522200179856,0.6586551008487952,0.6319982104465185,85.99265744140074,36.45124716553288,10.885733603786342,7.051516258677385,32178,1.5975038294695445
0.8040563212248499,40,0.5371005838778034,0.8101457740440181,0.8024407521095606,85.99265744140074,36.45124716553288,10.885733603786342,7.051516258677385,32178,1.5975038294695445
1.1147426895497534,30,0.6291913259247239,0.7723041743820449,0.7595660332807239,85.99265744140074,36.45124716553288,10.885733603786342,7.051516258677385,32178,1.5975038294695445
1.3135819652776914,60.26315789473684,0.5971194694367962,0.7821840008947768,0.7609951905750184,85.99265744140074,36.45124716553288,10.885733603786342,7.051516258677385,32178,1.5975038294695445
0.3871152149328296,50,0.2455783810727514,0.27334186685225,0.27334186685225,85.99265744140074,36.45124716553288,10.885733603786342,7.051516258677385,32178,1.5975038294695445
0.5561285993015771,40,0.585435633777408,0.4936185019946065,0.4936185019946065,94.76813317479191,29.369797859690845,2.923976608187134,9.651898734177216,33393,0.7061257064012119
1.8113015273341868,61.8568665377176,0.6712767486341353,0.7986503784159966,0.7986503784159966,98.63013698630137,40.14113740141138,0.8021390374331552,9.605488850771868,35934,0.764988567829854
0.5300309443622852,40,0.3694241584809862,0.4160090471870456,0.4145177526190861,98.63013698630137,40.14113740141138,0.8021390374331552,9.605488850771868,35934,0.764988567829854
3.592777163309183,40.33898305084746,0.3438558742305095,0.4139585171561013,0.4139585171561013,98.63013698630137,40.14113740141138,0.8021390374331552,9.605488850771868,35934,0.764988567829854
0.7574533659761145,40,0.6112675905629938,0.6997899760150125,0.6997899760150125,98.63013698630137,40.14113740141138,0.8021390374331552,9.605488850771868,35934,0.764988567829854
0.8102700485913481,70.91428571428571,0.5122450370729686,0.8160488150421912,0.807038910360769,94.00584795321636,44.00595681310499,11.248073959938369,5.9244126659857,20313,1.9020828254560151
0.7792014117588577,71.37254901960785,0.4199544335868235,0.9560440926093928,0.7956677892800776,94.00584795321636,44.00595681310499,11.248073959938369,5.9244126659857,20313,1.9020828254560151
0.3908434513527284,80.61728395061729,0.4394735669425453,0.5217666869648427,0.3879851367641393,76.81376215407629,30.10340865568747,3.850385038503851,6.8807339449541285,49604,0.5953524807453575
0.4579517069109076,80.21505376344086,0.2736178448130034,0.4565225496166131,0.4565225496166131,76.81376215407629,30.10340865568747,3.850385038503851,6.8807339449541285,49604,0.5953524807453575
21.270831520996182,31.004651162790697,1.1271665065211307,1.4651969130202445,1.3932419501161966,25.467115097159944,11.14785992217899,0,19.32839767318879,68594,-0.8736084700219275
0.7412976748232195,40,0.502269796731299,0.8970758199013261,0.5717871922651522,25.467115097159944,11.14785992217899,0,19.32839767318879,68594,-0.8736084700219275
3.53747498974735,40.20740740740741,0.8912242285140929,1.1945269489355883,1.1945269489355883,25.467115097159944,11.14785992217899,0,19.32839767318879,68594,-0.8736084700219275
1.746057389985957,60.10050251256281,0.4569386757350168,0.5168578423453093,0.5168578423453093,25.467115097159944,11.14785992217899,0,19.32839767318879,68594,-0.8736084700219275
1.906992928778257,61.98757763975155,0.621353609778755,0.810332185865013,0.810332185865013,25.467115097159944,11.14785992217899,0,19.32839767318879,68594,-0.8736084700219275
1.4658182857568942,62.10290827740492,0.9944347767266516,1.508071631849081,1.470167894913443,50.06791632708503,1.6560861164780567,0,28.486866444691085,79583,-0.7727979678841953
1.707532280313669,30,0.8715647006373425,1.8596443262455415,1.7157965377111115,50.06791632708503,1.6560861164780567,0,28.486866444691085,79583,-0.7727979678841953
0.8705432040463793,40,0.4829142957365648,1.013086109833845,0.8743957150136081,50.06791632708503,1.6560861164780567,0,28.486866444691085,79583,-0.7727979678841953
1.4434488672375012,60.1223241590214,1.100492045031906,1.68746194091988,1.4476120645730548,50.06791632708503,1.6560861164780567,0,28.486866444691085,79583,-0.7727979678841953
1.022779524525582,30,0.7097888889367795,0.9016118408788696,0.9016118408788696,84.47686346022338,23.478459083656254,0,14.673721340388008,53247,0.13707773818958688
1.2520660643493606,60.209973753280835,0.692665737685511,0.9443001478867112,1.1307741061553185,84.47686346022338,23.478459083656254,0,14.673721340388008,53247,0.13707773818958688
4.424173884946624,40.1219512195122,0.2177222561455287,0.392272608647023,0.392272608647023,84.47686346022338,23.478459083656254,0,14.673721340388008,53247,0.13707773818958688
0.8307753489007916,70.17130620985012,0.769194909209707,1.0991462338598432,0.9400126760038277,84.47686346022338,23.478459083656254,0,14.673721340388008,53247,0.13707773818958688
0.7705021934457604,40,0.3611160232239758,0.8400338026768739,0.8707296158673742,93.20843091334896,21.516613076098608,0,10.45601105481345,43020,0.2036819882584879
0.8991263499322704,40,0.8117914668793167,0.8369269389936248,0.8369269389936248,93.20843091334896,21.516613076098608,0,10.45601105481345,43020,0.2036819882584879
1.1942783998409283,30,0.7162906569387911,1.1711633340375558,1.1184087886959873,91.90389135544528,33.7163750326456,1.9350811485642945,15.390781563126252,43203,0.6602709895611546
0.9687200964370488,40,0.652427462529611,0.9216200429989936,0.9216200429989936,91.90389135544528,33.7163750326456,1.9350811485642945,15.390781563126252,43203,0.6602709895611546
0.2659475312861173,50,0.2763015330981443,0.2022568257795121,0.2022568257795121,91.90389135544528,33.7163750326456,1.9350811485642945,15.390781563126252,43203,0.6602709895611546
1.6870269800042257,60.19417475728156,1.1966732025803448,1.678452036238458,2.528924900891049,68.74593892137752,38.91820580474934,2.103250478011472,5.414746543778802,32284,0.5014693153222544
0.5362446717287832,40,0.5924320154145821,0.7623000733219829,0.7623000733219829,68.74593892137752,38.91820580474934,2.103250478011472,5.414746543778802,32284,0.5014693153222544
2.4364025004038923,20,0.8099969335952076,2.5286142145227237,2.508792424223595,68.74593892137752,38.91820580474934,2.103250478011472,5.414746543778802,32284,0.5014693153222544
1.1203350441796016,30,0.952418933867796,1.1131892577081288,1.1071619421626258,95.8254865034526,25.216,0,9.376362843436546,57908,0.3175653676522963
1.4167298395615595,30,1.2210651978602225,1.4066636012278326,1.4066636012278326,95.8254865034526,25.216,0,9.376362843436546,57908,0.3175653676522963
0.9848757875899438,40,0.5511846746444156,0.9761144320031816,0.9761144320031816,95.8254865034526,25.216,0,9.376362843436546,57908,0.3175653676522963
1.3589421750531274,62.58064516129032,0.8362854502352012,1.445747946363105,1.3629810978413512,96.01059427247144,19.649604946753698,6.794425087108014,9.286243516917756,49430,0.920238088148526
1.1147426895497534,60.3960396039604,0.9598723868038976,1.0936781537773248,1.137919892626791,96.01059427247144,19.649604946753698,6.794425087108014,9.286243516917756,49430,0.920238088148526
1.408030621248462,30,1.108629110715876,1.3650316278722956,1.3517342513079895,96.01059427247144,19.649604946753698,6.794425087108014,9.286243516917756,49430,0.920238088148526
1.5055861409024818,61.88679245283019,1.1057777925422845,1.4579889892751068,1.4579889892751068,96.01059427247144,19.649604946753698,6.794425087108014,9.286243516917756,49430,0.920238088148526
0.7344625747200716,72.08333333333334,0.4860456719401916,0.6876732076503412,0.6876732076503412,96.01059427247144,19.649604946753698,6.794425087108014,9.286243516917756,49430,0.920238088148526
0.8040563212248499,72.3076923076923,0.3677245986764541,0.7568941305131296,0.7568941305131296,96.01059427247144,19.649604946753698,6.794425087108014,9.286243516917756,49430,0.920238088148526
1.5869859694036066,64.26751592356688,1.4987303527685465,1.8133520573651312,1.582325673878733,31.667274717256475,15.997078159240322,0.8227374719521316,31.70201196302338,91520,-0.6021069503921248
1.5764226328805595,60.51724137931035,1.4300611701163233,1.9829868144705285,1.5720730237240113,31.667274717256475,15.997078159240322,0.8227374719521316,31.70201196302338,91520,-0.6021069503921248
0.8444455491070875,70.64516129032258,0.6140642384922477,0.8496029428212808,0.8874445424832541,31.667274717256475,15.997078159240322,0.8227374719521316,31.70201196302338,91520,-0.6021069503921248
0.6344215641194527,70.76086956521739,0.5582304978109467,0.6300098176892391,0.6216834230181317,31.667274717256475,15.997078159240322,0.8227374719521316,31.70201196302338,91520,-0.6021069503921248
0.5225744715224875,70.73298429319371,0.4433892799072466,0.6120521456000597,0.5707929958865126,67.99188640973631,10.831960461285007,0,26.035834266517355,67053,-0.3468445265611892
1.164452508481738,60.61946902654867,0.9572274858699718,1.4420818472168715,1.2152186610660272,67.99188640973631,10.831960461285007,0,26.035834266517355,67053,-0.3468445265611892
1.4552549492338476,60.532319391634985,0.9338867435637608,1.583133458436378,1.498191805336349,76.49644910382143,22.77059223961879,0,21.48148148148148,32188,0.02141721349755769
1.1750158450047847,60.52434456928839,0.551848330771846,1.186511240632806,1.456497694707147,76.49644910382143,22.77059223961879,0,21.48148148148148,32188,0.02141721349755769
1.4944014316427854,30,1.20839719699706,1.8471547342388803,1.218449799296606,76.49644910382143,22.77059223961879,0,21.48148148148148,32188,0.02141721349755769
2.4587719189232855,20,1.5736251345465484,2.1403805286639246,2.1403805286639246,75.70194384449243,5.280429594272077,2.1722265321955003,21.453420950908388,62083,-0.14077578025757068
1.289348428548349,30,1.1005891822255862,1.3665229224402549,1.2785986802043072,75.70194384449243,5.280429594272077,2.1722265321955003,21.453420950908388,62083,-0.14077578025757068
1.4241863124013572,30,1.143934568027966,1.460474480221706,1.460474480221706,75.70194384449243,5.280429594272077,2.1722265321955003,21.453420950908388,62083,-0.14077578025757068
0.2789963587557632,50,0.215548424002349,0.2777536132824636,0.2777536132824636,86.8859949737263,24.113311837862735,6.779661016949152,8.674242424242424,46771,0.9019380145823804
1.0140803062124846,30,0.7861402651264285,0.94864975704326,0.94864975704326,86.8859949737263,24.113311837862735,6.779661016949152,8.674242424242424,46771,0.9019380145823804
1.173773099531485,65.18518518518519,0.99008631119181,1.1727167658791804,1.1727167658791804,86.8859949737263,24.113311837862735,6.779661016949152,8.674242424242424,46771,0.9019380145823804
2.12260926839574,20,1.6658742689425357,2.0912920824685894,2.0837113350814622,19.362549800796813,2.5247971145175834,0,30.168776371308013,63672,-1.1391188876576388
1.2936980377048977,30,1.0177575550104525,1.2971777250301366,1.2971777250301366,62.3570800351803,26.810616284300497,2.666666666666667,16.890243902439025,38819,0.21595286604851496
1.2694645009755552,60.05747126436782,1.1853834872714857,1.3976536965464106,1.2656741272819916,62.3570800351803,26.810616284300497,2.666666666666667,16.890243902439025,38819,0.21595286604851496
0.585333117924118,40,0.583975942919836,0.588812805249357,0.588812805249357,74.97206703910615,31.521121424512216,0.37122969837587005,14.31904345290172,51369,0.23344090434786743
0.5654491903513241,40,0.4708305641581041,0.688356717660656,0.5665676612772937,74.97206703910615,31.521121424512216,0.37122969837587005,14.31904345290172,51369,0.23344090434786743
0.2516559583431717,50,0.226466030936178,0.254017174742441,0.254017174742441,74.97206703910615,31.521121424512216,0.37122969837587005,14.31904345290172,51369,0.23344090434786743
0.3659885418867362,50,0.3099962382360915,0.3710216610535996,0.3710837983272646,74.97206703910615,31.521121424512216,0.37122969837587005,14.31904345290172,51369,0.23344090434786743
0.8717859495196789,40,0.6384733892684435,0.8776268532441872,0.8776268532441872,65.24119947848762,16.923076923076923,0.6718346253229974,19.696379914363565,47734,-0.1765123838507138
0.6717039283184412,40,0.5491427549861794,0.6854984030720669,0.6716417910447762,65.24119947848762,16.923076923076923,0.6718346253229974,19.696379914363565,47734,-0.1765123838507138
0.5368660444654331,40,0.2983076916705987,0.6428100960642251,0.5359339853604583,65.24119947848762,16.923076923076923,0.6718346253229974,19.696379914363565,47734,-0.1765123838507138
1.7671840630320506,61.460506706408346,1.401096355241651,1.8516286179427592,1.743074800850038,51.72332942555686,6.429867772880477,2.4743230625583568,22.96062992125984,72984,-0.3844119121611132
1.7951458361812918,60.41284403669725,1.3835535072561556,1.724247206929549,1.6832987435843263,51.72332942555686,6.429867772880477,2.4743230625583568,22.96062992125984,72984,-0.3844119121611132
2.479277219232729,50.114285714285714,1.6684104797966466,2.572793816098525,2.4587719189232855,51.72332942555686,6.429867772880477,2.4743230625583568,22.96062992125984,72984,-0.3844119121611132
0.5076615258428921,40,0.3494945903917228,0.5069780158325773,0.5069780158325773,57.67088607594937,9.2151898734177209,0.813953488372093,17.44031830238727,96964,-0.425261785900546
1.1395975990157456,30,0.7723592261300969,1.1374849317111362,1.1374849317111362,57.67088607594937,9.2151898734177209,0.813953488372093,17.44031830238727,96964,-0.425261785900546
0.9500789143375544,40,0.4907178043819685,1.057824946872631,0.9507002870742044,77.85352979986804,14.101057579318448,0.7547169811320755,16.789667896678967,47073,-0.07123694511099915
0.9009904681422198,40,0.7579472582820826,0.993637143176706,0.9038487827308088,77.85352979986804,14.101057579318448,0.7547169811320755,16.789667896678967,47073,-0.07123694511099915
0.2348788944536269,50,0.1765220676627321,0.3017386009171462,0.2940957162563535,77.85352979986804,14.101057579318448,0.7547169811320755,16.789667896678967,47073,-0.07123694511099915
0.7450259112431183,40,0.4454999146773496,0.8389774690245692,0.7444045385064685,77.85352979986804,14.101057579318448,0.7547169811320755,16.789667896678967,47073,-0.07123694511099915
2.116395541029242,53.056768558951966,1.2649914430957667,2.128325897572918,1.9431568220512756,11.156505342551856,3.39409176618479,5.863192182410423,35.97374179431072,156250,-0.5997690241260146
2.3208271713870285,51.266490765171504,1.4122281250758475,2.583419289895237,2.482632632010638,11.156505342551856,3.39409176618479,5.863192182410423,35.97374179431072,156250,-0.5997690241260146
0.6828886375781377,70.83333333333333,0.539776303790771,0.7555271104925001,1.6116544670486035,37.52997601918465,8.134115170651029,0.6711409395973155,38.70563674321503,87569,-0.7168934095455732
1.298669019598096,60.63324538258576,1.1696492341966729,1.3556488995488831,1.3556488995488831,37.52997601918465,8.134115170651029,0.6711409395973155,38.70563674321503,87569,-0.7168934095455732
1.147675444592193,61.00529100529101,0.6922072304208926,1.1967638907875278,1.1936570271042788,37.52997601918465,8.134115170651029,0.6711409395973155,38.70563674321503,87569,-0.7168934095455732
2.489219183019126,51.598062953995154,0.6283198589841213,2.533833745510582,2.29938981197261,37.52997601918465,8.134115170651029,0.6711409395973155,38.70563674321503,87569,-0.7168934095455732
2.3817216995787094,20,1.887549573710413,2.3874383287558874,2.3779313258851458,23.42165521753353,5.20117762512267,0,22.80118255728012,117665,-1.029548007718936
2.0169759031652728,50.12987012987013,1.2235057152714783,2.061404053835734,2.0064747039158912,23.42165521753353,5.20117762512267,0,22.80118255728012,117665,-1.029548007718936
0.3554252053636895,50,0.360423567501804,0.3455453788509575,0.3455453788509575,77.38985868661679,4.627086414536235,0.8569898232458489,37.32129420617005,73441,-0.27372231482012627
2.5774541116233984,50.36529680365297,1.464197778938199,1.9158785589123497,1.9088570469882065,77.38985868661679,4.627086414536235,0.8569898232458489,37.32129420617005,73441,-0.27372231482012627
2.0791131768302535,20,1.7645099917473794,2.0245566505524004,2.0245566505524004,54.208084824387015,10.3863204559848,0,12.311780336581045,66875,-0.529592928558997
5.663191121826339,0,2.678783176056693,2.997129257956678,2.9499670672449576,54.208084824387015,10.3863204559848,0,12.311780336581045,66875,-0.529592928558997
5.261784333950564,0,2.761194718784141,5.260603725750929,5.260603725750929,48.34532374100719,7.27692751949177,0,33.14580403187998,102865,-0.6712852602009917
2.9508991263499325,20,1.7573724174397365,2.05786222923683,2.016789491344278,14.932324261388445,3.507495269975258,0.6080259424402107,32.608695652173914,87264,-1.1085540680884192
1.0780816980874148,30,0.9142387862202028,1.083798327264593,1.083798327264593,14.932324261388445,3.507495269975258,0.6080259424402107,32.608695652173914,87264,-1.1085540680884192
0.9096896864553172,70.39583333333333,0.5287631927176439,1.1176010041383424,1.039121627499472,14.932324261388445,3.507495269975258,0.6080259424402107,32.608695652173914,87264,-1.1085540680884192
5.246871388270969,0,2.829317161757961,5.264083413076168,5.241465445462115,4.465161923454367,1.1776251226692835,1.7266187050359711,39.971035481535125,152056,-1.17204196317593
3.802179775560168,40.20161290322581,1.5561600533377202,3.821442330396312,3.821442330396312,36.339831248181554,3.8114634855979057,0,26.313594662218513,147674,-0.8978687712141493
7.8647147277766045,30.626398210290827,6.554096300995738,8.864130637404154,8.864130637404154,36.339831248181554,3.8114634855979057,0,26.313594662218513,147674,-0.8978687712141493
6.414430760435955,30.050761421319802,5.9154687002244914,6.405358718480868,6.39889644201971,36.339831248181554,3.8114634855979057,0,26.313594662218513,147674,-0.8978687712141493
2.3916636633651063,20,1.0861015247695325,1.6868405681832304,1.678327761691128,71.61623269997655,15.981169474727452,0,22.058823529411764,68281,-0.1885596252487415
1.9386829383473971,30,0.619907007286738,0.993885692271366,0.8833434824213653,71.61623269997655,15.981169474727452,0,22.058823529411764,68281,-0.1885596252487415
3.2528862763617385,40.11816838995568,1.3332148292991253,1.7637043757068116,1.5989163259472827,84.92731446059678,38.026013771996944,0,19.980019980019986,47849,0.46141225362448335
2.020082766848522,50.241379310344826,1.0814020391246482,1.434376825282414,1.3208520262964942,84.92731446059678,38.026013771996944,0,19.980019980019986,47849,0.46141225362448335
4.966632284041905,40.96871846619576,0.9929735278510292,1.5731293573763157,1.569276846409087,84.92731446059678,38.026013771996944,0,19.980019980019986,47849,0.46141225362448335
2.968297562976127,20,0.8759909897768694,1.3253880472740378,1.3208520262964942,84.92731446059678,38.026013771996944,0,19.980019980019986,47849,0.46141225362448335
3.459803397666124,41.282051282051285,1.7098241305811903,4.080927585221271,3.462288888612723,28.328521013795317,8.944917295647985,0,35.45284531124766,121620,-0.8859560070639981
1.8081946636509376,63.43283582089552,1.7849889232113887,1.8090645854822476,2.5197285843886315,28.328521013795317,8.944917295647985,0,35.45284531124766,121620,-0.8859560070639981
2.2649036250885457,51.34715025906736,1.3724914770711083,2.260678290479327,2.258441348627388,28.328521013795317,8.944917295647985,0,35.45284531124766,121620,-0.8859560070639981
5.524625001553432,30.40816326530612,1.5746765300949548,5.882722109684716,4.201225347036673,20.399724328049626,6.547208821502412,0,34.332988624612206,153864,-1.0379867097177862
2.6526402127580253,50.53593179049939,1.7526218569557763,2.4627487044378444,2.2165608261771905,72.1003754198775,3.7096774193548385,0,32.22191855698278,77332,-0.4513051874511429
2.7166416046329553,50.11787819253438,1.898105130694288,2.710552151813787,2.771570954552798,72.1003754198775,3.7096774193548385,0,32.22191855698278,77332,-0.4513051874511429
4.749151826214473,40.63876651982379,2.278383272928766,3.906694669864665,3.901537276150472,72.1003754198775,3.7096774193548385,0,32.22191855698278,77332,-0.4513051874511429
1.118470925969652,60.07662835249042,1.102790609222561,1.266792598207961,1.1457491891085787,72.1003754198775,3.7096774193548385,0,32.22191855698278,77332,-0.4513051874511429
1.3148247107509912,30,1.5192144701219503,1.3103508270471127,1.3038885505859543,62.409200968523,16.737416616130986,1.2237762237762235,17.57281553398058,70804,-0.15744625649727204
2.05922924925746,50.56925996204934,1.3237696339800489,1.9440888811562504,1.9435917829669307,35.058621675722044,10.037174721189592,0,29.445119481571485,107426,-0.7775663368690294
3.250400785415139,40.46979865771812,2.2060818605148085,2.679732064075957,2.678240769507997,35.058621675722044,10.037174721189592,0,29.445119481571485,107426,-0.7775663368690294
3.582835199522786,40.945454545454545,2.7585110501260868,3.619247641890465,3.541078951619919,44.7767663632423,2.860858257477243,1.3003901170351104,32.77693474962064,109460,-0.6745704615131922
1.166937999428337,30,0.8485963143535584,1.1524600146643966,1.1524600146643966,79.06534150983295,52.79015489072777,1,7.945823927765237,42602,0.8175766853521315
2.021946885058471,20,1.4594893193095182,2.0282848869722994,1.7056060248300546,79.06534150983295,52.79015489072777,1,7.945823927765237,42602,0.8175766853521315
1.51179986826898,30,1.276627977788886,1.5288254812531847,1.852560677047734,79.06534150983295,52.79015489072777,1,7.945823927765237,42602,0.8175766853521315
0.8177265214311458,40,0.6637337289643623,0.7588203859967441,0.8702325176780544,83.77160030052592,53.90683696468821,0,7.097232079488999,24391,0.7947962856647851
1.0016528514794885,30,0.6791274322154462,1.0004722432798538,1.032535076490984,83.77160030052592,53.90683696468821,0,7.097232079488999,24391,0.7947962856647851
3.872394894801596,10,2.41179450184856,2.6257969105347536,2.5028893832254218,24.7972972972973,27.00135685210312,2.763385146804836,8.1,66007,-0.24096067891235276
5.222637851541626,0,4.675246861509659,5.24165185728311,5.24165185728311,24.7972972972973,27.00135685210312,2.763385146804836,8.1,66007,-0.24096067891235276
6.679756918985423,0,4.798876375160378,7.623622105956479,6.6744131134502345,27.17277486910995,17.958115183246072,5.793742757821553,15.016835016835016,42031,-0.08710626266381942
2.8483726248027144,20,1.969186815984307,2.8470056047820846,2.8470056047820846,27.17277486910995,17.958115183246072,5.793742757821553,15.016835016835016,42031,-0.08710626266381942
4.449028794412617,10,3.745775511580163,4.445052008898058,4.442255831583134,27.17277486910995,17.958115183246072,5.793742757821553,15.016835016835016,42031,-0.08710626266381942
0.6891023649446357,40,0.5740897283192171,0.6193843438925274,0.61118222376875,89.32184338703635,36.04346197077557,1.7975402081362346,8.49056603773585,37603,0.6642225590936537
0.7860365118620056,40,0.4981487151427879,0.7103533125380591,0.7103533125380591,89.32184338703635,36.04346197077557,1.7975402081362346,8.49056603773585,37603,0.6642225590936537
1.2725713646588044,30,0.8655983061101282,1.1967638907875278,1.1967638907875278,89.32184338703635,36.04346197077557,1.7975402081362346,8.49056603773585,37603,0.6642225590936537
6.675407309828874,0,4.510479916762439,6.83615643680018,6.65863024593933,28.753830439223695,13.534218590398368,0.969529085872576,18.464730290456433,86341,-0.677017574762418
3.720779947059043,10,4.351678212880343,3.7270558116992065,3.7270558116992065,28.753830439223695,13.534218590398368,0.969529085872576,18.464730290456433,86341,-0.677017574762418
1.273192737395454,30,1.2746793995792571,1.2909639976636385,1.2807734847825816,45.74780058651026,14.891222805701426,0,13.851992409867172,52563,-0.5370839317122297
6.009917108876931,0,2.311922887447378,6.213665229224403,6.213665229224403,45.74780058651026,14.891222805701426,0,13.851992409867172,52563,-0.5370839317122297
2.755788087041893,20,1.7283548207319357,2.842531721078206,2.754669616115923,45.74780058651026,14.891222805701426,0,13.851992409867172,52563,-0.5370839317122297
1.688269725477525,30,1.2758195904823917,1.7387873289671545,1.4776865050269057,52.92096219931272,25.21087160262418,3.2899770466717673,6.842989084802687,40650,0.12874731309300338
1.180608199634633,30,1.0092025482122369,1.1820994942025924,1.1820994942025924,52.92096219931272,25.21087160262418,3.2899770466717673,6.842989084802687,40650,0.12874731309300338
1.659065206854984,30,1.321449503431161,1.6546534604247705,1.6546534604247705,52.92096219931272,25.21087160262418,3.2899770466717673,6.842989084802687,40650,0.12874731309300338
3.1267476108218277,10,2.355493768560174,3.3916388084556406,3.100152857693216,52.92096219931272,25.21087160262418,3.2899770466717673,6.842989084802687,40650,0.12874731309300338
0.626965091279655,40,0.4307784608103937,0.7030211142455914,0.6812730684628482,98.39657936932122,30.542136339237793,16.871921182266007,7.424749163879599,45192,2.2600940720180978
