GEOID,NAMELSAD20,COUNTYFP20,POP20,nearest_poll_miles,Access_Level
01045020801,Census Tract,045,3163,4.298971237453205,Limited
01017954200,Census Tract,017,3309,10.232725743220119,Poor Access
01017953800,Census Tract,017,3156,11.158806741647052,Poor Access
01017954300,Census Tract,017,5637,6.993911627148748,Poor Access
01017954700,Census Tract,017,4489,4.201561052331385,Limited
01125011600,Census Tract,125,3341,0.4573507708134759,Very Close
01125011701,Census Tract,125,2597,0.48558416275432864,Very Close
01125011800,Census Tract,125,2575,0.5857008617097728,Very Close
01023956800,Census Tract,023,4175,10.686139502396163,Poor Access
01023956900,Census Tract,023,3628,19.362760321967876,Poor Access
01023957000,Census Tract,023,2079,8.798488243384654,Poor Access
01117030219,Census Tract,117,5059,2.3324795143031967,Moderate
01117030611,Census Tract,117,3206,3.88286787830746,Limited
01117030613,Census Tract,117,6935,2.746038535718219,Moderate
01117030614,Census Tract,117,4203,2.3403804084942657,Moderate
01117030610,Census Tract,117,4143,1.8550377291125622,Moderate
01117030616,Census Tract,117,2810,0.6091147677941053,Very Close
01117030503,Census Tract,117,4186,1.9127361339562041,Moderate
01117030615,Census Tract,117,6484,3.644753241430957,Limited
01125012304,Census Tract,125,3379,0.40797237125888663,Very Close
01125012404,Census Tract,125,3908,0.9844301943509627,Very Close
01125012600,Census Tract,125,2427,0.8035885763848001,Very Close
01125012800,Census Tract,125,2071,1.3848862589917712,Moderate
01125011703,Census Tract,125,4526,1.0532933141102465,Moderate
01125012503,Census Tract,125,4719,0.9800149437540895,Very Close
01051030901,Census Tract,051,6862,10.294858316044174,Poor Access
01117030348,Census Tract,117,4763,1.5202690013298823,Moderate
01117030349,Census Tract,117,1226,0.8864632377255426,Very Close
01117030221,Census Tract,117,5378,0.8042680344410337,Very Close
01117030220,Census Tract,117,5827,0.8895555087712317,Very Close
01117030350,Census Tract,117,3004,4.513441466239146,Limited
01117030612,Census Tract,117,2210,3.395142373378025,Limited
01117030347,Census Tract,117,4736,1.0521265418852175,Moderate
01117030218,Census Tract,117,4808,2.022159886898595,Moderate
01117030346,Census Tract,117,3847,0.624334364831111,Very Close
01117030351,Census Tract,117,3043,1.9145725155232174,Moderate
01117030352,Census Tract,117,6077,1.6880396270467322,Moderate
01109189001,Census Tract,109,3055,2.744030898319195,Moderate
01109189102,Census Tract,109,3352,2.9179596508144874,Moderate
01109189002,Census Tract,109,864,0.6272946594323144,Very Close
01109189101,Census Tract,109,4248,0.6696675520128117,Very Close
01105687002,Census Tract,105,3563,17.364609205316874,Poor Access
01105687001,Census Tract,105,1123,18.76464184388517,Poor Access
01097005900,Census Tract,097,4645,2.673152579498559,Moderate
01097006104,Census Tract,097,4467,3.967901528163568,Limited
01097005500,Census Tract,097,3005,0.31681416410059837,Very Close
01097007101,Census Tract,097,4575,0.6489780039863589,Very Close
01097003404,Census Tract,097,2767,0.5681591641726841,Very Close
01097007300,Census Tract,097,4030,1.9411952112997293,Moderate
01097006600,Census Tract,097,5294,3.2991446532213544,Limited
01097002000,Census Tract,097,1801,1.685985055662872,Moderate
01097001502,Census Tract,097,1040,0.5750320217083399,Very Close
01015000400,Census Tract,015,2423,0.7513665884918528,Very Close
01097003607,Census Tract,097,3662,0.3428422319269727,Very Close
01097001200,Census Tract,097,2447,1.4475184027286354,Moderate
01097005800,Census Tract,097,4554,7.652518672148971,Poor Access
01097006102,Census Tract,097,2985,1.8272331743843628,Moderate
01097002200,Census Tract,097,2478,0.8447930209439065,Very Close
01097003800,Census Tract,097,1477,3.0981750119092335,Limited
01097007103,Census Tract,097,3377,1.4745470847165247,Moderate
01097003000,Census Tract,097,3515,1.1901154846488877,Moderate
01117030504,Census Tract,117,3748,0.42628221234536456,Very Close
01117980100,Census Tract,117,4,1.7720551436093293,Moderate
01015002101,Census Tract,015,5300,0.8768211933571798,Very Close
01015001700,Census Tract,015,6023,1.6858182901541297,Moderate
01015000200,Census Tract,015,2929,0.951479398801882,Very Close
01015002200,Census Tract,015,3625,1.4391064544129113,Moderate
01015000300,Census Tract,015,2314,0.6935022248104753,Very Close
01089010623,Census Tract,089,7376,1.2935880424845951,Moderate
01031010900,Census Tract,031,2159,2.61683060306509,Moderate
01031010500,Census Tract,031,4412,6.4061931432676325,Poor Access
01031011000,Census Tract,031,3748,2.9788969052470375,Moderate
01031010800,Census Tract,031,3196,3.7304104108663974,Limited
01031011300,Census Tract,031,4632,1.3385467224856085,Moderate
01031010600,Census Tract,031,1522,5.987416904458754,Poor Access
01031010700,Census Tract,031,2200,6.254896644981613,Poor Access
01031010200,Census Tract,031,1853,6.828479690500023,Poor Access
01031010300,Census Tract,031,5151,8.379204852167852,Poor Access
01031010400,Census Tract,031,1914,12.008440753544418,Poor Access
01031010100,Census Tract,031,2143,10.021157038842311,Poor Access
01097007600,Census Tract,097,1972,0.21077731424216153,Very Close
01113031000,Census Tract,113,3857,2.8858556094411836,Moderate
01113031200,Census Tract,113,3866,5.692463118353831,Poor Access
01113030800,Census Tract,113,2981,1.2326218628463042,Moderate
01113031100,Census Tract,113,1539,4.217798802302416,Limited
01113030200,Census Tract,113,1766,0.33653613755388945,Very Close
01113030300,Census Tract,113,3198,0.7648042101178627,Very Close
01113030500,Census Tract,113,2367,0.9610434950330415,Very Close
01031011100,Census Tract,031,2077,1.16522354203972,Moderate
01113030700,Census Tract,113,3619,0.7536816775979129,Very Close
01083020500,Census Tract,083,3057,0.5775016993720669,Very Close
01083020300,Census Tract,083,3800,0.9869391027898947,Very Close
01073011109,Census Tract,073,4273,1.072452586119864,Moderate
01073014002,Census Tract,073,3510,0.5231752357699553,Very Close
01073011002,Census Tract,073,1974,1.1806952813583893,Moderate
01073012704,Census Tract,073,2505,3.589612120974405,Limited
01073011110,Census Tract,073,5813,1.944157391562499,Moderate
01035960600,Census Tract,035,4019,4.349073999079275,Limited
01035960300,Census Tract,035,1579,3.890331848628796,Limited
01035960500,Census Tract,035,1591,0.6239463487127763,Very Close
01035960400,Census Tract,035,2936,3.4971284625682073,Limited
01009050601,Census Tract,009,4166,1.6473880775034222,Moderate
01047956900,Census Tract,047,2303,21.115862859670266,Poor Access
01125010102,Census Tract,125,3865,2.625555109155875,Moderate
01125010500,Census Tract,125,2198,1.5748722995862292,Moderate
01125010406,Census Tract,125,4571,1.1498074934596814,Moderate
01125010703,Census Tract,125,3602,5.6078380390854985,Poor Access
01125010101,Census Tract,125,3905,2.2083915535845833,Moderate
01125010204,Census Tract,125,5136,1.7873762621479363,Moderate
01125010405,Census Tract,125,4677,0.5560980926572864,Very Close
01125010201,Census Tract,125,5227,2.1591706757770517,Moderate
01125012305,Census Tract,125,4616,1.884931574709783,Moderate
01125012501,Census Tract,125,1535,1.6991266739761424,Moderate
01125010802,Census Tract,125,4626,0.9489726412645801,Very Close
01125012403,Census Tract,125,4692,1.8596679408266255,Moderate
01125010404,Census Tract,125,2657,0.2789584767575732,Very Close
01097007500,Census Tract,097,1346,0.8211022523365213,Very Close
01089001301,Census Tract,089,3574,0.5135838997791684,Very Close
01125010303,Census Tract,125,3776,2.299454332499602,Moderate
01125010407,Census Tract,125,3504,0.6454732084898113,Very Close
01125010803,Census Tract,125,2790,0.4645667040925435,Very Close
01125010203,Census Tract,125,3033,2.585495054920938,Moderate
01125012700,Census Tract,125,4227,0.8231475838550504,Very Close
01125010302,Census Tract,125,4386,3.820112519691459,Limited
01125010403,Census Tract,125,4326,0.6423452983753262,Very Close
01125010601,Census Tract,125,5706,2.8303688045310347,Moderate
01125010804,Census Tract,125,2581,1.6374952216263543,Moderate
01125011200,Census Tract,125,9076,0.40092122333970276,Very Close
01073014209,Census Tract,073,4612,1.8329194029717892,Moderate
01073014208,Census Tract,073,6433,3.486587619494946,Limited
01073014206,Census Tract,073,5256,0.8100553933843005,Very Close
01073014205,Census Tract,073,3213,2.72961508366872,Moderate
01073014207,Census Tract,073,6349,2.9593108704413145,Moderate
01073014303,Census Tract,073,6557,1.143355598558872,Moderate
01073014106,Census Tract,073,3002,1.336588063007612,Moderate
01073004502,Census Tract,073,3423,0.5734257446311012,Very Close
01073004501,Census Tract,073,3159,0.06815411216015271,Very Close
01073002701,Census Tract,073,1454,1.1818061312746058,Moderate
01073002402,Census Tract,073,1246,0.8317313939858427,Very Close
01073002401,Census Tract,073,2693,0.19150337651136884,Very Close
01073012917,Census Tract,073,3066,0.8302002591383141,Very Close
01073011115,Census Tract,073,5736,2.2885777818495576,Moderate
01073011114,Census Tract,073,8019,2.046430562995529,Moderate
01073012918,Census Tract,073,2472,0.6223293902436438,Very Close
01073011709,Census Tract,073,4956,1.531883509300981,Moderate
01073014304,Census Tract,073,4504,1.518475034453752,Moderate
01073014415,Census Tract,073,3918,0.8313538283725825,Very Close
01073014414,Census Tract,073,7006,0.6697973347935267,Very Close
01073011116,Census Tract,073,2819,2.4243509979758886,Moderate
01073011117,Census Tract,073,6020,1.1219489548146693,Moderate
01073012003,Census Tract,073,2246,0.29914665220127046,Very Close
01073012804,Census Tract,073,3747,0.6759618699356417,Very Close
01073010806,Census Tract,073,6486,0.8033355918556659,Very Close
01073012916,Census Tract,073,3948,0.8627050300819628,Very Close
01101005611,Census Tract,101,3644,2.309708974439703,Moderate
01101005608,Census Tract,101,1633,2.438720897214836,Moderate
01101005503,Census Tract,101,6176,0.12797718074888234,Very Close
01101005501,Census Tract,101,3426,3.1805986555243595,Limited
01101005504,Census Tract,101,1829,2.9688482667448075,Moderate
01101005502,Census Tract,101,3195,1.911500506869375,Moderate
01101005612,Census Tract,101,2131,2.752277996719335,Moderate
01101005610,Census Tract,101,1400,1.0598893539043936,Moderate
01133965502,Census Tract,133,2728,8.245759590213195,Poor Access
01133965501,Census Tract,133,2219,8.37577062071346,Poor Access
01133965503,Census Tract,133,2633,5.790654657559165,Poor Access
01073014408,Census Tract,073,4235,1.127933523404509,Moderate
01073011301,Census Tract,073,3562,1.0182650513924565,Moderate
01073012703,Census Tract,073,7347,0.5572846878696058,Very Close
01059973702,Census Tract,059,957,4.418460611895342,Limited
01019956101,Census Tract,019,1931,2.3398312451556778,Moderate
01019955802,Census Tract,019,3087,2.304510515016865,Moderate
01019955801,Census Tract,019,2084,2.031664879156746,Moderate
01019956102,Census Tract,019,2578,3.7675885392341137,Limited
01121011301,Census Tract,121,2875,0.6511555176497413,Very Close
01121011302,Census Tract,121,3052,3.2202458523029867,Limited
01121011502,Census Tract,121,3036,3.258756807013969,Limited
01121011501,Census Tract,121,2660,2.1348146169975277,Moderate
01071950601,Census Tract,071,3109,1.7541050586472444,Moderate
01071950301,Census Tract,071,2628,5.687619809695271,Poor Access
01049960102,Census Tract,049,3709,2.8795459532058962,Moderate
01049960701,Census Tract,049,2320,7.356774886436647,Poor Access
01049960402,Census Tract,049,5587,0.6491592317797166,Very Close
01049960303,Census Tract,049,4567,3.5751595944795036,Limited
01049960602,Census Tract,049,4855,7.255352868725033,Poor Access
01049960702,Census Tract,049,1294,9.249030680248083,Poor Access
01049960101,Census Tract,049,1847,3.307656234891209,Limited
01049960302,Census Tract,049,1343,5.252219598679027,Poor Access
01103005602,Census Tract,103,2426,7.953090486764901,Poor Access
01103005703,Census Tract,103,2821,5.711757930715751,Poor Access
01103005704,Census Tract,103,3112,5.683433560278205,Poor Access
01103005601,Census Tract,103,3289,6.06746081578913,Poor Access
01103005202,Census Tract,103,4471,3.740294366646911,Limited
01073011805,Census Tract,073,3552,1.1380480161277111,Moderate
01073012805,Census Tract,073,2255,0.8184878590530793,Very Close
01123962600,Census Tract,123,1661,5.118693427838865,Poor Access
01123962100,Census Tract,123,3936,3.5203186597583995,Limited
01043965402,Census Tract,043,4556,2.215409727765008,Moderate
01079979201,Census Tract,079,1874,7.22339470666074,Poor Access
01079979202,Census Tract,079,2251,10.167722960322989,Poor Access
01079979502,Census Tract,079,3245,9.543637186285425,Poor Access
01079979501,Census Tract,079,2647,6.6358597846665,Poor Access
01009050103,Census Tract,009,1749,3.822835707012214,Limited
01009050107,Census Tract,009,2975,0.25499029914507976,Very Close
01009050603,Census Tract,009,4007,4.566335494123782,Limited
01009050105,Census Tract,009,5525,4.084425514529997,Limited
01009050702,Census Tract,009,3210,2.4410845780720147,Moderate
01009050701,Census Tract,009,5834,2.748698201612116,Moderate
01009050604,Census Tract,009,5323,3.1987972507963973,Limited
01009050302,Census Tract,009,2509,2.910304979230594,Moderate
01009050301,Census Tract,009,2880,0.5674879533929491,Very Close
01009050501,Census Tract,009,4272,1.288847201384966,Moderate
01009050502,Census Tract,009,3196,3.0942024598194564,Limited
01115040110,Census Tract,115,4967,4.259143891005748,Limited
01115040302,Census Tract,115,2771,1.9972485080821623,Moderate
01115040207,Census Tract,115,3381,4.111173652561927,Limited
01115040209,Census Tract,115,3312,2.1774637245231188,Moderate
01115040301,Census Tract,115,2876,4.65542073925328,Limited
01115040503,Census Tract,115,4780,1.603967587880217,Moderate
01115040108,Census Tract,115,5225,2.4157338807722386,Moderate
01115040507,Census Tract,115,3303,1.7018985625300012,Moderate
01115040211,Census Tract,115,3072,1.6432765248251784,Moderate
01115040208,Census Tract,115,2589,0.8459736368694065,Very Close
01115040210,Census Tract,115,3585,2.037533090362219,Moderate
01115040213,Census Tract,115,3249,1.5126661647275073,Moderate
01115040212,Census Tract,115,2529,2.113970070953206,Moderate
01115040107,Census Tract,115,5901,2.586121349838906,Moderate
01115040505,Census Tract,115,2154,2.8494841641927384,Moderate
01115040109,Census Tract,115,2819,4.052218980014937,Limited
01115040508,Census Tract,115,1857,2.4135921597745664,Moderate
01115040206,Census Tract,115,2772,2.002801698688563,Moderate
01115040506,Census Tract,115,5659,2.415135402579816,Moderate
01115040504,Census Tract,115,5436,3.585037616393689,Limited
01053969802,Census Tract,053,4099,2.9509092121459615,Moderate
01053969801,Census Tract,053,1453,2.790425622844858,Moderate
01093964600,Census Tract,093,3065,1.868175506894549,Moderate
01093964100,Census Tract,093,2609,2.933587358103512,Moderate
01093964200,Census Tract,093,1370,10.632842366861372,Poor Access
01093964300,Census Tract,093,4502,3.513639383765149,Limited
01093964500,Census Tract,093,1954,2.1586603761844905,Moderate
01073014107,Census Tract,073,2093,1.4454237352878674,Moderate
01073011806,Census Tract,073,3651,0.7918616772191018,Very Close
01073011708,Census Tract,073,6297,1.5824879986206137,Moderate
01073012921,Census Tract,073,3572,0.3967050381111255,Very Close
01073011112,Census Tract,073,3987,1.3056172836011197,Moderate
01073011113,Census Tract,073,4006,1.8648762496390117,Moderate
01073012920,Census Tract,073,3239,0.31157343345772703,Very Close
01073010807,Census Tract,073,1450,1.9350907291803885,Moderate
01073011303,Census Tract,073,3913,2.5907271988366545,Moderate
01073011003,Census Tract,073,2194,0.21959823358842273,Very Close
01073011707,Census Tract,073,3825,0.36558743809497285,Very Close
01073011004,Census Tract,073,3643,0.8144494316122918,Very Close
01073010605,Census Tract,073,936,0.7399344236802717,Very Close
01073010604,Census Tract,073,4595,0.14668508166357075,Very Close
01073012004,Census Tract,073,5670,1.9105830450404446,Moderate
01073011710,Census Tract,073,3721,3.3333659271266547,Limited
01073012307,Census Tract,073,3900,1.044437649066654,Moderate
01073011304,Census Tract,073,3748,1.184506999848116,Moderate
01073002702,Census Tract,073,2034,1.0060003045583599,Moderate
01073012306,Census Tract,073,3581,0.778862155403007,Very Close
01073011401,Census Tract,073,2517,0.533722603295982,Very Close
01073012919,Census Tract,073,2841,0.9247958888296536,Very Close
01001020200,Census Tract,001,2055,7.4317060981022935,Poor Access
01001020600,Census Tract,001,3729,6.159119399322471,Poor Access
01001020100,Census Tract,001,1775,8.225658792866419,Poor Access
01001020700,Census Tract,001,3409,3.7753056135914194,Limited
01001020400,Census Tract,001,4246,6.324366104667073,Poor Access
01045020500,Census Tract,045,1934,1.2461963211257774,Moderate
01045020700,Census Tract,045,3358,0.7640088940971855,Very Close
01045021400,Census Tract,045,5629,3.780689820724795,Limited
01019955702,Census Tract,019,3702,1.4199651972969312,Moderate
01011952500,Census Tract,011,2321,4.118640500473276,Limited
01111000600,Census Tract,111,1913,3.0629136131438073,Limited
01027959000,Census Tract,027,3205,3.1274252846813733,Limited
01081042003,Census Tract,081,3507,2.8432367822423124,Moderate
01121010301,Census Tract,121,3133,2.778598421946866,Moderate
01121010600,Census Tract,121,3115,1.3079036514493416,Moderate
01121010302,Census Tract,121,4779,1.3643400805566435,Moderate
01081040901,Census Tract,081,4226,1.7160580849141578,Moderate
01019955900,Census Tract,019,4171,3.444008482110194,Limited
01019956000,Census Tract,019,4053,4.702360038945306,Limited
01123962400,Census Tract,123,4620,12.544093189408365,Poor Access
01123962200,Census Tract,123,4628,8.103999978983799,Poor Access
01123962502,Census Tract,123,3574,10.996196367808547,Poor Access
01123962000,Census Tract,123,3988,6.687863903828845,Poor Access
01103000300,Census Tract,103,2910,3.011431970143425,Limited
01103000400,Census Tract,103,4027,0.30906312546912224,Very Close
01103000600,Census Tract,103,3266,1.3518335208799854,Moderate
01103000700,Census Tract,103,3992,1.6774531791838354,Moderate
01103000800,Census Tract,103,3282,2.2503220710660483,Moderate
01103000900,Census Tract,103,5853,3.199514484788215,Limited
01103001000,Census Tract,103,3409,2.562405013753441,Moderate
01103005303,Census Tract,103,3893,0.6561489790158631,Very Close
01113030403,Census Tract,113,3601,0.7660815652244838,Very Close
01113030903,Census Tract,113,4598,3.1756240035902947,Limited
01113030907,Census Tract,113,3135,2.249105341258537,Moderate
01113030602,Census Tract,113,4525,1.7345437862640993,Moderate
01113030404,Census Tract,113,2810,0.4588046214778439,Very Close
01113030905,Census Tract,113,3795,4.712641061011781,Limited
01113030904,Census Tract,113,2991,2.111358923805041,Moderate
01113030906,Census Tract,113,3566,4.081985231189765,Limited
01113030601,Census Tract,113,3717,0.6446566888887568,Very Close
01033020200,Census Tract,033,1883,0.21638738278359035,Very Close
01033020300,Census Tract,033,2273,0.10536610712533347,Very Close
01033020400,Census Tract,033,1504,0.5090383692427816,Very Close
01043965502,Census Tract,043,4423,4.051229698227753,Limited
01043964902,Census Tract,043,4064,0.5562767247372997,Very Close
01043965501,Census Tract,043,1484,1.8378574772410194,Moderate
01043964201,Census Tract,043,3663,1.5943495982132931,Moderate
01043964202,Census Tract,043,4140,2.692240988965026,Moderate
01043965002,Census Tract,043,4751,1.3843115330411575,Moderate
01043965001,Census Tract,043,2652,1.9550166998548755,Moderate
01043964901,Census Tract,043,3371,1.8477842030455234,Moderate
01033020500,Census Tract,033,5150,1.060917879860299,Moderate
01037961200,Census Tract,037,3065,3.368329016317991,Limited
01037961100,Census Tract,037,3625,7.756158828252307,Poor Access
01037961000,Census Tract,037,3697,0.6835963815938402,Very Close
01109188900,Census Tract,109,4266,2.775107072162942,Moderate
01109188700,Census Tract,109,1718,4.16171220829465,Limited
01109188800,Census Tract,109,2404,2.200006626773045,Moderate
01109188600,Census Tract,109,2183,3.430091693983887,Limited
01109189300,Census Tract,109,4188,1.8636387218847799,Moderate
01109189200,Census Tract,109,2785,4.196641765802419,Limited
01073005905,Census Tract,073,5577,0.5256880399921477,Very Close
01073005907,Census Tract,073,2060,0.8209850715259115,Very Close
01073005908,Census Tract,073,3644,0.6292160429466177,Very Close
01047957200,Census Tract,047,1592,19.130010035563256,Poor Access
01047956201,Census Tract,047,2103,24.398825488245613,Poor Access
01117030337,Census Tract,117,2053,2.2790429034584854,Moderate
01117030704,Census Tract,117,3875,6.39702181335123,Poor Access
01073010001,Census Tract,073,5681,2.083983088539516,Moderate
01073010002,Census Tract,073,5155,0.7979888780887463,Very Close
01073010200,Census Tract,073,2285,0.591222284921955,Very Close
01073010301,Census Tract,073,2448,0.14663672343872136,Very Close
01073010302,Census Tract,073,3870,0.28848174579857827,Very Close
01073010401,Census Tract,073,3556,0.2836378090102277,Very Close
01073010402,Census Tract,073,1982,1.162804917562735,Moderate
01097004800,Census Tract,097,979,0.7724700511067635,Very Close
01073010603,Census Tract,073,2277,0.34013379704523067,Very Close
01073010701,Census Tract,073,1817,0.4561386396208725,Very Close
01073010702,Census Tract,073,4898,0.0987466801828477,Very Close
01073010703,Census Tract,073,2552,0.9026108787183621,Very Close
01097003501,Census Tract,097,3660,0.4732115107657369,Very Close
01097004900,Census Tract,097,2985,0.1369684938153698,Very Close
01097005000,Census Tract,097,1661,0.6499368177614397,Very Close
01097001501,Census Tract,097,1142,0.371172331672942,Very Close
01097001800,Census Tract,097,2340,0.6204255802215288,Very Close
01015001300,Census Tract,015,2006,1.3949181984057462,Moderate
01015001201,Census Tract,015,3361,0.7829719571104735,Very Close
01015000500,Census Tract,015,1097,0.371683691078188,Very Close
01015000800,Census Tract,015,1752,0.6781790002891902,Very Close
01097003502,Census Tract,097,2715,1.394564873631199,Moderate
01097005100,Census Tract,097,1476,0.21978956876386135,Very Close
01097005200,Census Tract,097,1618,0.7961816947312729,Very Close
01097002900,Census Tract,097,4106,0.6799404389562359,Very Close
01097003602,Census Tract,097,1253,0.5608044403712091,Very Close
01097003606,Census Tract,097,3907,1.2807059782876782,Moderate
01097003608,Census Tract,097,1279,0.966190221288146,Very Close
01097003703,Census Tract,097,3894,0.688599870853049,Very Close
01097006403,Census Tract,097,1789,1.1783863208253385,Moderate
01097001901,Census Tract,097,2012,0.8269455944833394,Very Close
01097001902,Census Tract,097,3190,1.2658483787835124,Moderate
01073010704,Census Tract,073,5279,0.9238317365038148,Very Close
01073010705,Census Tract,073,4125,0.9227241566846016,Very Close
01073010706,Census Tract,073,4893,0.5118101001759385,Very Close
01073010801,Census Tract,073,7112,0.2748258203335908,Very Close
01055010402,Census Tract,055,6148,2.6904666711775707,Moderate
01055010601,Census Tract,055,5600,4.8871010428445745,Limited
01055011200,Census Tract,055,2703,0.47012563079169134,Very Close
01055011001,Census Tract,055,4660,2.7232871239735412,Moderate
01097003100,Census Tract,097,4357,0.7649445685070302,Very Close
01015981901,Census Tract,015,8,3.2737255262515608,Limited
01103005109,Census Tract,103,4989,4.513106761734592,Limited
01103005108,Census Tract,103,3847,4.3635187675652976,Limited
01097003202,Census Tract,097,2820,0.4810955731123649,Very Close
01097003704,Census Tract,097,4577,0.8934821283155423,Very Close
01097003705,Census Tract,097,4343,0.500202203149926,Very Close
01097003706,Census Tract,097,3179,1.3664451478986055,Moderate
01097003707,Census Tract,097,4393,0.6291897866645486,Very Close
01133965700,Census Tract,133,4693,1.6144830487099493,Moderate
01097002100,Census Tract,097,3778,0.7620002948070349,Very Close
01097003203,Census Tract,097,3656,0.5673822426680579,Very Close
01133965800,Census Tract,133,4057,4.39545688291494,Limited
01133965900,Census Tract,133,2005,1.5563433187371316,Moderate
01073003700,Census Tract,073,4423,0.7189058549088274,Very Close
01073010804,Census Tract,073,3312,1.090861275554981,Moderate
01073011206,Census Tract,073,5413,0.7075225457459854,Very Close
01073011500,Census Tract,073,6035,1.6134573346624133,Moderate
01073011704,Census Tract,073,4343,2.9293539180266928,Moderate
01073012001,Census Tract,073,4249,2.735344657966147,Moderate
01073010900,Census Tract,073,4719,0.2458214111683517,Very Close
01073011207,Census Tract,073,5103,1.6957374203512998,Moderate
01007010001,Census Tract,007,2634,9.993607726069191,Poor Access
01073011208,Census Tract,073,4559,1.4204760445295979,Moderate
01103005106,Census Tract,103,6587,4.11512577434896,Limited
01073011209,Census Tract,073,3236,0.17982955447665813,Very Close
01073011803,Census Tract,073,4902,1.0480443913367967,Moderate
01073011804,Census Tract,073,2987,0.548246504408858,Very Close
01073012200,Census Tract,073,4022,2.206875397528828,Moderate
01073014406,Census Tract,073,6219,1.4210670389814137,Moderate
01105686800,Census Tract,105,736,17.08790318086797,Poor Access
01073012500,Census Tract,073,4160,0.8587618944364144,Very Close
01073013100,Census Tract,073,3870,0.39141867507742956,Very Close
01073000100,Census Tract,073,2809,0.5821154627405288,Very Close
01073000300,Census Tract,073,1757,0.22172578748213828,Very Close
01073012401,Census Tract,073,3660,0.48593886889215315,Very Close
01073012402,Census Tract,073,3089,1.2060301033242122,Moderate
01117030336,Census Tract,117,9126,1.9882480188829343,Moderate
01005950900,Census Tract,005,4638,0.8836005365354374,Very Close
01005950100,Census Tract,005,3126,3.9481016057543057,Limited
01005950600,Census Tract,005,1858,6.294929101644043,Poor Access
01005950200,Census Tract,005,3363,11.076604308903027,Poor Access
01005950300,Census Tract,005,1370,7.541783892258782,Poor Access
01005950500,Census Tract,005,3105,8.423742663556112,Poor Access
01005950400,Census Tract,005,3998,1.3553095937063089,Moderate
01005950700,Census Tract,005,1590,5.110799292412721,Poor Access
01005950800,Census Tract,005,2175,1.0960104641981026,Moderate
01073000400,Census Tract,073,2912,0.892623641357767,Very Close
01073012907,Census Tract,073,5151,1.7667756571382853,Moderate
01073012908,Census Tract,073,4352,0.30925557467302106,Very Close
01073013002,Census Tract,073,1811,0.3351600025105222,Very Close
01073013200,Census Tract,073,2189,0.4183548938969608,Very Close
01073013300,Census Tract,073,3074,0.7666326258897328,Very Close
01073013400,Census Tract,073,4420,0.5187262193842664,Very Close
01105687100,Census Tract,105,3089,11.240501418250206,Poor Access
01095030402,Census Tract,095,3502,1.5049624931565466,Moderate
01103005305,Census Tract,103,4632,3.281027640567656,Limited
01103005306,Census Tract,103,3788,4.114824803871884,Limited
01103005201,Census Tract,103,2142,3.2763205087163363,Limited
01101002201,Census Tract,101,3754,0.49873138983528154,Very Close
01101002202,Census Tract,101,884,0.3651230175335944,Very Close
01101002300,Census Tract,101,2501,0.44721164708815614,Very Close
01101002400,Census Tract,101,1758,0.47459176996359553,Very Close
01101002500,Census Tract,101,2315,0.5619052255447979,Very Close
01101002600,Census Tract,101,5458,0.4672086588247946,Very Close
01103000200,Census Tract,103,3696,3.5941534027421707,Limited
01101002700,Census Tract,101,4349,0.7437316138324888,Very Close
01101003000,Census Tract,101,1904,0.3093218623673921,Very Close
01101003100,Census Tract,101,3436,0.77661649197761,Very Close
01101003200,Census Tract,101,5741,0.6390064742574239,Very Close
01103005101,Census Tract,103,5146,4.586012488130683,Limited
01103005105,Census Tract,103,2195,4.25600894266514,Limited
01097006704,Census Tract,097,4216,2.801553507214094,Moderate
01097005702,Census Tract,097,3211,4.351957316310999,Limited
01097006305,Census Tract,097,3088,1.6208623880914206,Moderate
01103005500,Census Tract,103,5745,5.630732616956214,Poor Access
01103005405,Census Tract,103,5170,7.746348925148605,Poor Access
01003990000,Census Tract,003,0,6.236745311215125,Poor Access
01101003301,Census Tract,101,3470,0.8809328148408112,Very Close
01101005301,Census Tract,101,1154,1.4010974395978302,Moderate
01101005302,Census Tract,101,2198,0.7461439921792784,Very Close
01097005601,Census Tract,097,3068,1.262715005398276,Moderate
01097005701,Census Tract,097,4439,2.281495749511005,Moderate
01097005602,Census Tract,097,4593,0.5720385603649155,Very Close
01097006505,Census Tract,097,5262,1.2478376855525615,Moderate
01097006202,Census Tract,097,1918,4.508680154438866,Limited
01097006107,Census Tract,097,4253,3.952598671447357,Limited
01097006504,Census Tract,097,4215,3.190140735907362,Limited
01097006306,Census Tract,097,4737,1.5746425311358814,Moderate
01097006412,Census Tract,097,4923,1.0057602503375223,Moderate
01097006413,Census Tract,097,4110,1.2190670622423334,Moderate
01097007204,Census Tract,097,1531,3.1134042858724715,Limited
01097006703,Census Tract,097,2668,1.310385515064226,Moderate
01097007203,Census Tract,097,1778,2.798183300660578,Moderate
01097003712,Census Tract,097,3760,0.7143388407585721,Very Close
01097006304,Census Tract,097,4462,0.6105240169964585,Very Close
01097003410,Census Tract,097,4576,1.0228392098723307,Moderate
01097006106,Census Tract,097,2940,1.6058983083206146,Moderate
01097006201,Census Tract,097,3960,5.182459996620593,Poor Access
01101005403,Census Tract,101,3905,0.6742404576197351,Very Close
01119011500,Census Tract,119,4054,4.26480953784658,Limited
01119011600,Census Tract,119,1004,4.06310543100505,Limited
01077010300,Census Tract,077,1250,0.14226847256175063,Very Close
01077010700,Census Tract,077,1582,0.3798600043665907,Very Close
01101005614,Census Tract,101,2808,0.5601656058863297,Very Close
01077011000,Census Tract,077,4483,0.08315764385872967,Very Close
01101002902,Census Tract,101,3875,0.4841374854356958,Very Close
01101005412,Census Tract,101,6381,0.13486703030702937,Very Close
01101005904,Census Tract,101,2369,2.592556485796829,Moderate
01101005411,Census Tract,101,3092,1.3982069492260307,Moderate
01077011801,Census Tract,077,4576,0.888254856975047,Very Close
01073005103,Census Tract,073,2575,0.8017779994999851,Very Close
01073004902,Census Tract,073,3555,0.3770334578199008,Very Close
01073014409,Census Tract,073,3341,0.3497057735258129,Very Close
01073012905,Census Tract,073,4767,0.9268804747925111,Very Close
01073005909,Census Tract,073,2514,1.2054259795321234,Moderate
01073012304,Census Tract,073,2527,0.8134276943279498,Very Close
01001020501,Census Tract,001,4322,4.279428879196747,Limited
01001020902,Census Tract,001,3091,7.512310757445418,Poor Access
01001020803,Census Tract,001,4635,13.378211362595438,Poor Access
01001020804,Census Tract,001,6064,8.765415250275623,Poor Access
01001020805,Census Tract,001,3122,11.549890865367281,Poor Access
01001020901,Census Tract,001,3268,6.640113356996557,Poor Access
01001020502,Census Tract,001,3284,5.424914702437918,Poor Access
01001020503,Census Tract,001,3616,6.104994667146237,Poor Access
01073004901,Census Tract,073,1211,0.30417036351001175,Very Close
01073005104,Census Tract,073,2435,0.8140773248735433,Very Close
01073011108,Census Tract,073,5172,1.5117994804307124,Moderate
01073005910,Census Tract,073,5109,0.5639308379459398,Very Close
01079979100,Census Tract,079,1523,7.51871076044166,Poor Access
01079979900,Census Tract,079,1840,11.493541100662108,Poor Access
01079979800,Census Tract,079,3345,12.875732631484388,Poor Access
01079979700,Census Tract,079,1990,5.701171083065938,Poor Access
01079979600,Census Tract,079,5409,4.183536379821433,Limited
01079979400,Census Tract,079,4399,10.12705583060265,Poor Access
01079979300,Census Tract,079,4550,7.687505939933087,Poor Access
01131035100,Census Tract,131,3083,10.925932589975105,Poor Access
01131034700,Census Tract,131,1283,7.144822543088413,Poor Access
01131035200,Census Tract,131,1488,7.161791981554029,Poor Access
01033020705,Census Tract,033,1388,2.9526431249748173,Moderate
01033020706,Census Tract,033,5857,0.500722194137244,Very Close
01073012914,Census Tract,073,2206,0.7315441643699149,Very Close
01073014412,Census Tract,073,4329,0.33615765677479004,Very Close
01073012910,Census Tract,073,4703,0.515079381714745,Very Close
01073012911,Census Tract,073,6757,0.9970715959110505,Very Close
01073012802,Census Tract,073,3109,0.5483518329982098,Very Close
01073012913,Census Tract,073,4421,1.2931406001830712,Moderate
01073011904,Census Tract,073,2044,0.26123206330237214,Very Close
01093964001,Census Tract,093,3198,0.7657274062423445,Very Close
01015002104,Census Tract,015,3914,1.0985985042435347,Moderate
01093964002,Census Tract,093,1423,6.515484548137095,Poor Access
01077011401,Census Tract,077,3358,6.108286317533694,Poor Access
01093964701,Census Tract,093,2457,2.3864393296184674,Moderate
01077011605,Census Tract,077,2713,2.347372874221899,Moderate
01093964702,Census Tract,093,3145,4.885411164602525,Limited
01077011503,Census Tract,077,3013,2.5456691821615287,Moderate
01093964402,Census Tract,093,1905,13.132310567148998,Poor Access
01093964401,Census Tract,093,3713,9.059862759085542,Poor Access
01077011606,Census Tract,077,4214,3.2511776131166346,Limited
01077011402,Census Tract,077,2948,2.1711392430455034,Moderate
01077011504,Census Tract,077,4347,1.5418785863868025,Moderate
01077010902,Census Tract,077,3814,0.08688442584521597,Very Close
01077010901,Census Tract,077,3695,0.40515154446652835,Very Close
01095030205,Census Tract,095,1250,2.993978150067757,Moderate
01095030203,Census Tract,095,4013,1.3579817879319624,Moderate
01095030501,Census Tract,095,2782,2.464534288748496,Moderate
01095031002,Census Tract,095,2635,0.46533477684213803,Very Close
01095031001,Census Tract,095,3471,1.8830179649640135,Moderate
01123962302,Census Tract,123,3677,8.876461813692401,Poor Access
01123962301,Census Tract,123,2613,11.336883828486476,Poor Access
01123962702,Census Tract,123,4037,2.622364347252206,Moderate
01123962701,Census Tract,123,1950,4.6762657549152005,Limited
01077010600,Census Tract,077,2672,0.602053211059961,Very Close
01029959700,Census Tract,029,3523,6.808564872695731,Poor Access
01029959500,Census Tract,029,2547,6.6230618359568485,Poor Access
01029959800,Census Tract,029,4780,3.093691212349169,Limited
01029959600,Census Tract,029,4206,3.2042298819624953,Limited
01017953900,Census Tract,017,3292,14.560506612712569,Poor Access
01047956202,Census Tract,047,2251,16.102286618841063,Poor Access
01089010705,Census Tract,089,3248,2.352704072897746,Moderate
01089010625,Census Tract,089,4834,0.2592666286883046,Very Close
01089010404,Census Tract,089,3034,1.1240382026809101,Moderate
01101006000,Census Tract,101,3209,1.6472816415871316,Moderate
01101000300,Census Tract,101,1261,2.1176755024282876,Moderate
01101002800,Census Tract,101,4948,0.523644085187976,Very Close
01101006100,Census Tract,101,2062,0.43984111735056103,Very Close
01101005402,Census Tract,101,5486,0.23945919781630445,Very Close
01101005102,Census Tract,101,4239,0.3574327871454688,Very Close
01101005700,Census Tract,101,1417,1.0448270931304413,Moderate
01101005101,Census Tract,101,3604,1.1627201313026259,Moderate
01101005800,Census Tract,101,1918,1.128899297146479,Moderate
01101001400,Census Tract,101,3555,0.11215204315743502,Very Close
01101005604,Census Tract,101,3541,6.6330394901926155,Poor Access
01101000100,Census Tract,101,982,0.9718807554299473,Very Close
01101000200,Census Tract,101,1440,0.9069828462589437,Very Close
01101000400,Census Tract,101,4267,0.3330273400376072,Very Close
01101000500,Census Tract,101,2902,0.6043408376464128,Very Close
01101000600,Census Tract,101,1763,0.4047354912966295,Very Close
01101000700,Census Tract,101,997,0.5164269447244785,Very Close
01101000900,Census Tract,101,2133,0.25245253542090335,Very Close
01101001000,Census Tract,101,1200,0.7327593564164846,Very Close
01121010202,Census Tract,121,4311,2.056625814392874,Moderate
01121010102,Census Tract,121,5221,0.5001190618679241,Very Close
01121010201,Census Tract,121,3996,2.4992332527582137,Moderate
01121010400,Census Tract,121,2775,5.5792971761668895,Poor Access
01101001100,Census Tract,101,2684,0.2349499640120743,Very Close
01101001200,Census Tract,101,1455,0.15411622008221929,Very Close
01101001300,Census Tract,101,2094,0.3895375110392713,Very Close
01101001500,Census Tract,101,4112,0.5920279700851265,Very Close
01101001600,Census Tract,101,3830,1.060837432885574,Moderate
01053969900,Census Tract,053,4399,2.9606836859850882,Moderate
01053970400,Census Tract,053,4511,3.669119986615977,Limited
01053970500,Census Tract,053,4976,0.5210894498305556,Very Close
01053970300,Census Tract,053,3748,5.217649876858702,Poor Access
01053970600,Census Tract,053,3707,2.2308845428888096,Moderate
01053970700,Census Tract,053,3686,1.5822280751330418,Moderate
01053970200,Census Tract,053,1578,0.4739742597794709,Very Close
01053970100,Census Tract,053,4600,3.8872439544942994,Limited
01101001700,Census Tract,101,5469,0.48609051363272826,Very Close
01101001800,Census Tract,101,3375,0.8127373536734348,Very Close
01101001900,Census Tract,101,3110,0.7676815486888678,Very Close
01101002000,Census Tract,101,4750,0.8972376635346224,Very Close
01101002100,Census Tract,101,3886,0.28218945027395465,Very Close
01009050400,Census Tract,009,4550,0.7289722838593222,Very Close
01077010200,Census Tract,077,1829,0.49959562925911366,Very Close
01077011602,Census Tract,077,4798,7.369343939160131,Poor Access
01077010400,Census Tract,077,3429,0.28663186077769576,Very Close
01077010100,Census Tract,077,2278,0.6999318658494872,Very Close
01077011300,Census Tract,077,2190,3.163708466369747,Limited
01077011502,Census Tract,077,5501,4.043922480025314,Limited
01077010800,Census Tract,077,3670,0.9189850584910517,Very Close
01077011200,Census Tract,077,4089,6.6923093471646,Poor Access
01077011700,Census Tract,077,4467,4.116897929085657,Limited
01003010903,Census Tract,003,6599,2.0361013795416487,Moderate
01003011601,Census Tract,003,7517,2.6029310482242423,Moderate
01003010906,Census Tract,003,4754,2.2025161881647786,Moderate
01003011202,Census Tract,003,6773,0.7549192555927275,Very Close
01025957500,Census Tract,025,1531,4.635653140575181,Limited
01025957902,Census Tract,025,3794,1.3825239585825175,Moderate
01025957901,Census Tract,025,3274,1.9762378802997447,Moderate
01025957800,Census Tract,025,4865,1.3926997126284903,Moderate
01001020300,Census Tract,001,3216,7.029616105227461,Poor Access
01001021100,Census Tract,001,3185,11.327308374576251,Poor Access
01001021000,Census Tract,001,2645,9.887695679575216,Poor Access
01069040400,Census Tract,069,2562,8.933105971839687,Poor Access
01069040500,Census Tract,069,3566,8.171074531056854,Poor Access
01069040600,Census Tract,069,1985,9.039677780416103,Poor Access
01077011101,Census Tract,077,5618,1.3240149111946924,Moderate
01077011802,Census Tract,077,3739,1.0844867090186368,Moderate
01077011603,Census Tract,077,4773,2.955850560438444,Moderate
01119011400,Census Tract,119,1478,3.6685951993645185,Limited
01097990000,Census Tract,097,0,2.4797887272473593,Moderate
01033020600,Census Tract,033,4769,0.46000807474015654,Very Close
01089001401,Census Tract,089,2347,1.5818541835282758,Moderate
01087232300,Census Tract,087,1333,9.18672484375101,Poor Access
01087231900,Census Tract,087,1657,1.2212918429900643,Moderate
01087231700,Census Tract,087,2191,0.4143260706770612,Very Close
01087232200,Census Tract,087,1884,4.060673383500824,Limited
01087232000,Census Tract,087,1583,0.307492262227914,Very Close
01087231500,Census Tract,087,3054,3.0218635236785194,Limited
01087231400,Census Tract,087,1342,2.5374801674122702,Moderate
01087231800,Census Tract,087,1089,1.0205766420981952,Moderate
01125010706,Census Tract,125,4326,2.6073124969718333,Moderate
01125010704,Census Tract,125,4966,5.061312513549263,Poor Access
01125010705,Census Tract,125,4318,2.977784358647685,Moderate
01125010104,Census Tract,125,3716,2.867307406036621,Moderate
01125012504,Census Tract,125,3558,3.416070310689567,Limited
01125010305,Census Tract,125,4079,2.2539078114766093,Moderate
01125010603,Census Tract,125,6089,2.1399914428153815,Moderate
01125012306,Census Tract,125,5432,0.7998840032823183,Very Close
01125010707,Census Tract,125,4295,4.5516446540806355,Limited
01125010206,Census Tract,125,5129,1.0505009772998197,Moderate
01125012307,Census Tract,125,1382,0.6121414155649815,Very Close
01125012505,Census Tract,125,3951,1.481141960967106,Moderate
01125010604,Census Tract,125,6817,2.732601114057095,Moderate
01125012101,Census Tract,125,3564,0.8894974060980491,Very Close
01125010105,Census Tract,125,3736,3.1340084261668353,Limited
01125010304,Census Tract,125,4469,0.6999281544908433,Very Close
01125010205,Census Tract,125,6938,2.408473198778811,Moderate
01125012408,Census Tract,125,2388,0.8455414900102521,Very Close
01125012406,Census Tract,125,2580,0.5653280431041173,Very Close
01125012102,Census Tract,125,2535,0.8911255712610407,Very Close
01125012002,Census Tract,125,2736,0.1756082920573043,Very Close
01125012001,Census Tract,125,1712,0.41185698106502855,Very Close
01125012407,Census Tract,125,1306,0.44009702764947634,Very Close
01089001902,Census Tract,089,2278,1.0223428569271031,Moderate
01089010302,Census Tract,089,4389,3.226067388987644,Limited
01089010200,Census Tract,089,6041,1.3312157835708442,Moderate
01089011021,Census Tract,089,5297,1.8432001522746135,Moderate
01089001801,Census Tract,089,3802,0.8007047698570063,Very Close
01089001901,Census Tract,089,3489,0.9224920522980345,Very Close
01089000403,Census Tract,089,4779,0.34768356906264186,Very Close
01089010502,Census Tract,089,4002,1.5734603108219933,Moderate
01089011400,Census Tract,089,4443,1.3584355822964136,Moderate
01089000901,Census Tract,089,4522,1.5621882025187739,Moderate
01089000602,Census Tract,089,2129,0.5993707584713722,Very Close
01089010612,Census Tract,089,7139,0.8632456064321578,Very Close
01059973600,Census Tract,059,1744,9.307393570231564,Poor Access
01059973300,Census Tract,059,3282,10.701606097574594,Poor Access
01059973500,Census Tract,059,2213,12.26171022641895,Poor Access
01059973100,Census Tract,059,2499,8.252039413553778,Poor Access
01059972900,Census Tract,059,3971,5.584224789764297,Poor Access
01059973400,Census Tract,059,2682,9.581011396443921,Poor Access
01059973000,Census Tract,059,6028,4.612159673627595,Limited
01059973200,Census Tract,059,4243,8.085369597951658,Poor Access
01127020801,Census Tract,127,2478,2.5519279025170842,Moderate
01127020302,Census Tract,127,3259,1.069611956322923,Moderate
01127020301,Census Tract,127,3982,1.8326793315499534,Moderate
01127020802,Census Tract,127,3178,3.019119891200893,Limited
01059973703,Census Tract,059,3076,7.743130298351879,Poor Access
01055010201,Census Tract,055,2702,1.1970538768953,Moderate
01059973701,Census Tract,059,1418,5.522256723718269,Poor Access
01009050104,Census Tract,009,2036,2.274878962822561,Moderate
01009050106,Census Tract,009,3023,1.6766675817715746,Moderate
01103005302,Census Tract,103,4149,1.8346816798540273,Moderate
01103005304,Census Tract,103,6079,2.136807788225803,Moderate
01103000100,Census Tract,103,4185,1.830915025665944,Moderate
01103005103,Census Tract,103,854,5.2114120769549865,Poor Access
01103005404,Census Tract,103,6162,6.9883914939927,Poor Access
01101005902,Census Tract,101,3212,0.6045987136575197,Very Close
01043965401,Census Tract,043,3171,2.7600415092147847,Moderate
01055011100,Census Tract,055,5401,2.611023166603112,Moderate
01055000500,Census Tract,055,1810,0.5359940280691744,Very Close
01055001000,Census Tract,055,1208,0.3369856819211028,Very Close
01003010709,Census Tract,003,11650,3.286935500167801,Limited
01003011504,Census Tract,003,6431,2.220862460958375,Moderate
01003010710,Census Tract,003,6156,1.5710878459873863,Moderate
01003011104,Census Tract,003,7875,3.2959851184427005,Limited
01003010711,Census Tract,003,4230,0.698511194060922,Very Close
01003010707,Census Tract,003,4994,4.280678726085557,Limited
01003011413,Census Tract,003,3982,1.9116429058017166,Moderate
01003011412,Census Tract,003,4041,1.4581311001217612,Moderate
01003011503,Census Tract,003,7482,1.8377120715385393,Moderate
01003010908,Census Tract,003,5979,0.6967080563512796,Very Close
01003010907,Census Tract,003,4081,3.7708481249328405,Limited
01003011103,Census Tract,003,3523,3.5112636249538594,Limited
01003011410,Census Tract,003,7483,3.078309319575152,Limited
01003011411,Census Tract,003,5666,1.372687810912147,Moderate
01003011418,Census Tract,003,1773,2.8360933868224705,Moderate
01003011604,Census Tract,003,2853,1.6930358552240221,Moderate
01003011415,Census Tract,003,2019,2.089190493293918,Moderate
01051030102,Census Tract,051,2353,11.250690779578413,Poor Access
01051030103,Census Tract,051,5534,12.023943615413067,Poor Access
01051030101,Census Tract,051,3711,8.5214555079469,Poor Access
01051030802,Census Tract,051,4317,8.433351170555818,Poor Access
01051030401,Census Tract,051,3332,7.525038603953907,Poor Access
01051030801,Census Tract,051,2255,7.457600866262066,Poor Access
01055010700,Census Tract,055,3589,4.115164102872112,Limited
01055001300,Census Tract,055,2346,0.5358620255012343,Very Close
01055000900,Census Tract,055,2506,1.1726239291281275,Moderate
01055001700,Census Tract,055,1504,2.01256846401177,Moderate
01055010300,Census Tract,055,2849,2.908688834266211,Moderate
01055000600,Census Tract,055,1813,0.32971416923411734,Very Close
01101005903,Census Tract,101,1943,3.515644949480568,Limited
01055010100,Census Tract,055,2033,0.9046482536603828,Very Close
01055000300,Census Tract,055,2350,0.6076378550752192,Very Close
01055000700,Census Tract,055,1134,0.5530774877355464,Very Close
01055001600,Census Tract,055,3271,1.5718630211206936,Moderate
01055000400,Census Tract,055,3947,0.7590610993897335,Very Close
01101003304,Census Tract,101,3723,0.9067183630970388,Very Close
01101003303,Census Tract,101,2652,0.7730895687655596,Very Close
01101005414,Census Tract,101,3945,1.1980301670501208,Moderate
01101005413,Census Tract,101,3973,1.607705451853564,Moderate
01101005613,Census Tract,101,4832,1.0299053202230692,Moderate
01101002901,Census Tract,101,3313,0.42260147893719635,Very Close
01055000800,Census Tract,055,910,0.4679411397323403,Very Close
01055001100,Census Tract,055,5108,0.9165083173742672,Very Close
01055010900,Census Tract,055,1789,4.843820522940483,Limited
01051031001,Census Tract,051,4017,6.613412990474725,Poor Access
01051030402,Census Tract,051,4757,7.978776120638805,Poor Access
01051031002,Census Tract,051,3610,8.383245179561149,Poor Access
01113030402,Census Tract,113,3252,1.5983661182879398,Moderate
01107050000,Census Tract,107,4428,6.973014080995398,Poor Access
01107050300,Census Tract,107,4886,20.969616233278355,Poor Access
01107050100,Census Tract,107,3172,13.713357339139773,Poor Access
01107050200,Census Tract,107,1847,18.501799325051874,Poor Access
01127020100,Census Tract,127,3624,3.1379517596212754,Limited
01127021500,Census Tract,127,2919,2.6425081364195626,Moderate
01127021200,Census Tract,127,3100,1.501582348752735,Moderate
01127021700,Census Tract,127,4490,1.3022989653414352,Moderate
01127021600,Census Tract,127,1668,1.7413461058842,Moderate
01127021900,Census Tract,127,2246,2.2856033007891967,Moderate
01083020403,Census Tract,083,3234,3.7037527125110397,Limited
01083020103,Census Tract,083,3115,1.0062246215139956,Moderate
01083020404,Census Tract,083,3047,2.380911353936959,Moderate
01083021101,Census Tract,083,3408,4.561940343574451,Limited
01083021203,Census Tract,083,5834,3.0164876688170024,Limited
01083021202,Census Tract,083,6460,4.1016024889090215,Limited
01083020803,Census Tract,083,6099,1.1069391719257768,Moderate
01083020804,Census Tract,083,5428,0.6099243933274225,Very Close
01083020806,Census Tract,083,3944,2.114394089271345,Moderate
01083021102,Census Tract,083,3899,2.7649334187315846,Moderate
01083020805,Census Tract,083,5310,1.6108045455474944,Moderate
01083021201,Census Tract,083,8733,0.9737123782956647,Very Close
01083020104,Census Tract,083,4037,1.272290145012802,Moderate
01045020802,Census Tract,045,4328,2.7462037452607966,Moderate
01045020000,Census Tract,045,4474,5.479314956853816,Poor Access
01077011102,Census Tract,077,4518,0.5067143199043794,Very Close
01127021400,Census Tract,127,3599,2.97623718156645,Moderate
01127020600,Census Tract,127,2460,3.2590388732183686,Limited
01127021800,Census Tract,127,3444,1.0218032570822864,Moderate
01127021000,Census Tract,127,3447,1.3324203820459293,Moderate
01127020700,Census Tract,127,3139,0.458433727596299,Very Close
01127020900,Census Tract,127,4989,1.5806599606196163,Moderate
01127021100,Census Tract,127,3186,1.5662696525956339,Moderate
01127021300,Census Tract,127,3531,2.287912323104882,Moderate
01127020400,Census Tract,127,2231,0.9920772473773894,Very Close
01127020200,Census Tract,127,4372,1.6615732055729746,Moderate
01067030600,Census Tract,067,1519,0.7573327913406984,Very Close
01067030500,Census Tract,067,6630,1.4554750817440858,Moderate
01067030300,Census Tract,067,2994,7.040241200408177,Poor Access
01067030100,Census Tract,067,1675,5.801526218487871,Poor Access
01067030200,Census Tract,067,2532,4.9435259721321145,Limited
01067030400,Census Tract,067,1796,1.4420968553991587,Moderate
01003011419,Census Tract,003,5154,1.6149932813137593,Moderate
01003010706,Census Tract,003,4038,0.5744012536821638,Very Close
01003011603,Census Tract,003,3298,0.9576931587724782,Very Close
01003010708,Census Tract,003,11585,1.277605190250246,Moderate
01003011409,Census Tract,003,5915,2.041483525610799,Moderate
01003011417,Census Tract,003,2525,3.5131361762022704,Limited
01003011414,Census Tract,003,3461,0.9133969875698301,Very Close
01003011416,Census Tract,003,1714,4.808282752197385,Limited
01017954001,Census Tract,017,2230,8.304080886154418,Poor Access
01017954002,Census Tract,017,3908,14.588020427362755,Poor Access
01017954800,Census Tract,017,4907,9.91663807255212,Poor Access
01015002504,Census Tract,015,3181,4.413599666721357,Limited
01015001502,Census Tract,015,1724,5.214401612824581,Poor Access
01015002503,Census Tract,015,3861,3.7344390679185855,Limited
01015002105,Census Tract,015,2887,1.239057804175814,Moderate
01015001103,Census Tract,015,3663,1.0534276308395485,Moderate
01015001102,Census Tract,015,1442,0.4669337131060014,Very Close
01015002001,Census Tract,015,2739,1.6629580075749464,Moderate
01015002002,Census Tract,015,4763,1.5438113952899628,Moderate
01015001501,Census Tract,015,3421,2.3047446489996815,Moderate
01015001802,Census Tract,015,4371,1.606991971978956,Moderate
01015001801,Census Tract,015,2440,0.4650637474543916,Very Close
01015001101,Census Tract,015,1772,0.9830146917741781,Very Close
01097006503,Census Tract,097,3726,2.0341092422741855,Moderate
01097980000,Census Tract,097,2022,1.075631121472791,Moderate
01097006903,Census Tract,097,3367,1.1852078115860756,Moderate
01097006904,Census Tract,097,4296,1.9009875188794556,Moderate
01097006303,Census Tract,097,3574,1.9534014030292406,Moderate
01097006307,Census Tract,097,3253,1.0397154548229157,Moderate
01097006409,Census Tract,097,7317,0.7270589893086563,Very Close
01097003711,Census Tract,097,2727,0.35577912995224104,Very Close
01097006804,Census Tract,097,5433,1.2502755977246558,Moderate
01097006410,Census Tract,097,3663,0.5285818316937406,Very Close
01097003409,Census Tract,097,3016,1.1823851567755403,Moderate
01097006411,Census Tract,097,5045,0.6094934810965126,Very Close
01097006803,Census Tract,097,3104,1.0875197333651307,Moderate
01097000801,Census Tract,097,2824,0.3646965395270606,Very Close
01097000802,Census Tract,097,1288,0.31775528656174806,Very Close
01097006408,Census Tract,097,4098,0.6144896271810427,Very Close
01097003207,Census Tract,097,2989,0.704904225808872,Very Close
01097003206,Census Tract,097,1052,0.8812400264283896,Very Close
01089011028,Census Tract,089,4073,0.8892619341451226,Very Close
01089011201,Census Tract,089,5559,3.185887012577105,Limited
01089010801,Census Tract,089,5691,0.7987659317587062,Very Close
01089011301,Census Tract,089,4017,4.341858804373295,Limited
01089010304,Census Tract,089,5751,2.2831202423802925,Moderate
01089010626,Census Tract,089,3584,1.1270678184290166,Moderate
01089010406,Census Tract,089,2987,2.813328548309394,Moderate
01089011025,Census Tract,089,6838,0.9110927023973772,Very Close
01119011301,Census Tract,119,3331,3.7350825840594584,Limited
01119011302,Census Tract,119,2478,4.977416374997579,Limited
01125011902,Census Tract,125,2953,0.9462737999129694,Very Close
01125011402,Census Tract,125,3200,0.82389030958522,Very Close
01035960200,Census Tract,035,1472,2.69565455970193,Moderate
01103005107,Census Tract,103,4495,1.7551446385229086,Moderate
01103005701,Census Tract,103,2809,5.181655264065878,Poor Access
01121011100,Census Tract,121,4532,3.2569618581975455,Limited
01121011700,Census Tract,121,4106,1.8764619589403666,Moderate
01121010900,Census Tract,121,3225,0.32170853619347517,Very Close
01121011600,Census Tract,121,4903,2.4648594778820665,Moderate
01121011400,Census Tract,121,2668,2.1955010833273256,Moderate
01121010700,Census Tract,121,2966,1.8735275392116404,Moderate
01121012000,Census Tract,121,2285,2.0227304288044663,Moderate
01121011200,Census Tract,121,2590,1.5984551724842164,Moderate
01121010500,Census Tract,121,2713,0.3268912232475168,Very Close
01121011000,Census Tract,121,2909,2.0889072523932164,Moderate
01121011900,Census Tract,121,2711,1.8540377945411037,Moderate
01091973300,Census Tract,091,1918,4.161467413074779,Limited
01091973400,Census Tract,091,4162,3.838847303998316,Limited
01091973100,Census Tract,091,1717,2.801204015028485,Moderate
01091973200,Census Tract,091,2396,0.7646656152160657,Very Close
01081042006,Census Tract,081,1827,0.6741630046334809,Very Close
01121011800,Census Tract,121,2107,0.4207144913930743,Very Close
01089002912,Census Tract,089,2448,0.9825275898410766,Very Close
01101005410,Census Tract,101,5070,0.3587602559290161,Very Close
01101005605,Census Tract,101,3712,0.8408954484293031,Very Close
01081040602,Census Tract,081,8254,1.528773564328269,Moderate
01089002922,Census Tract,089,4210,0.7792994292676251,Very Close
01089011012,Census Tract,089,6040,0.8256113747845306,Very Close
01089011013,Census Tract,089,4960,1.080490284716976,Moderate
01089010902,Census Tract,089,3081,1.772644135943887,Moderate
01117030405,Census Tract,117,1265,2.5014240952831766,Moderate
01115040104,Census Tract,115,5400,1.2546606111375662,Moderate
01115040105,Census Tract,115,4465,3.228079034832937,Limited
01115040401,Census Tract,115,5078,2.841562794001828,Moderate
01115040402,Census Tract,115,3923,1.7660923473321162,Moderate
01083020101,Census Tract,083,4452,2.8036512850318736,Moderate
01083020202,Census Tract,083,5219,0.6966123677505363,Very Close
01083020201,Census Tract,083,5043,2.5975574534441304,Moderate
01101005407,Census Tract,101,4335,1.290374075420886,Moderate
01057020100,Census Tract,057,3499,2.6205172665017185,Moderate
01057020000,Census Tract,057,1501,3.8129592829653136,Limited
01057020400,Census Tract,057,3579,1.1687571529320282,Moderate
01057020200,Census Tract,057,4117,1.3309013931562044,Moderate
01117030215,Census Tract,117,5095,2.846509499707502,Moderate
01117030407,Census Tract,117,2126,1.8160176214192902,Moderate
01057020300,Census Tract,057,3625,4.334371327966183,Limited
01117030340,Census Tract,117,5681,2.364864991092576,Moderate
01117030341,Census Tract,117,2484,2.2516840741268407,Moderate
01117030502,Census Tract,117,3249,4.71975682620841,Limited
01117030703,Census Tract,117,3735,1.3207081174876651,Moderate
01117030406,Census Tract,117,3735,2.4143372161864716,Moderate
01009050200,Census Tract,009,3879,1.7735418134841516,Moderate
01129044200,Census Tract,129,3610,3.639242264288755,Limited
01129044100,Census Tract,129,3036,7.4316502941784455,Poor Access
01129044000,Census Tract,129,3744,3.002121765997734,Limited
01129043900,Census Tract,129,2548,1.7478553654378237,Moderate
01129044300,Census Tract,129,2450,3.6383653953141533,Limited
01089001500,Census Tract,089,5895,0.2820320886380739,Very Close
01089001700,Census Tract,089,1920,0.27871485272121854,Very Close
01089001903,Census Tract,089,2419,0.25283993044998254,Very Close
01089002000,Census Tract,089,2225,0.6784572194354407,Very Close
01047956400,Census Tract,047,2645,19.787479699252692,Poor Access
01047956600,Census Tract,047,2787,20.092390786887105,Poor Access
01083020600,Census Tract,083,4392,1.0586257473436111,Moderate
01083020700,Census Tract,083,2582,1.478974010393182,Moderate
01083020900,Census Tract,083,4293,0.6505869205915104,Very Close
01047957100,Census Tract,047,1157,17.872778129696076,Poor Access
01047957000,Census Tract,047,1080,20.307096187258967,Poor Access
01047956300,Census Tract,047,3616,22.27678706354395,Poor Access
01047956500,Census Tract,047,2883,18.552544573269465,Poor Access
01069040900,Census Tract,069,5532,9.935115928009308,Poor Access
01069040100,Census Tract,069,5916,2.084882413698588,Moderate
01069041400,Census Tract,069,3311,8.112934955823496,Poor Access
01069042000,Census Tract,069,5197,13.87961161975091,Poor Access
01069041800,Census Tract,069,2050,22.810982518469153,Poor Access
01069041700,Census Tract,069,1343,11.041167938854409,Poor Access
01069041600,Census Tract,069,5438,6.457556373127106,Poor Access
01125011401,Census Tract,125,3773,0.901716391185658,Very Close
01125011901,Census Tract,125,2833,0.2880018051705037,Very Close
01089002100,Census Tract,089,3182,0.15204650265250036,Very Close
01089002300,Census Tract,089,5509,0.329591939091714,Very Close
01089002400,Census Tract,089,5064,0.6881979243667882,Very Close
01089002501,Census Tract,089,3210,1.2239925108920733,Moderate
01089002502,Census Tract,089,3339,1.5702650085656649,Moderate
01083021000,Census Tract,083,2386,0.8818824292555172,Very Close
01083020402,Census Tract,083,5798,2.9001688268536663,Moderate
01117030211,Census Tract,117,3097,1.2862856142738606,Moderate
01117030103,Census Tract,117,1066,2.3372497324569648,Moderate
01117030900,Census Tract,117,2557,1.3922820905073483,Moderate
01117030102,Census Tract,117,3983,1.239908711686188,Moderate
01089002600,Census Tract,089,4035,0.2638762543841056,Very Close
01089002701,Census Tract,089,2730,0.636704690226586,Very Close
01089002721,Census Tract,089,4042,0.8719901479731331,Very Close
01117030408,Census Tract,117,3165,4.014965475249489,Limited
01117030345,Census Tract,117,3616,2.68984671854275,Moderate
01117030212,Census Tract,117,3607,1.4355171092662165,Moderate
01117030216,Census Tract,117,8070,1.1769203084938689,Moderate
01051030300,Census Tract,051,2766,8.635960975755133,Poor Access
01051030600,Census Tract,051,7432,11.881718980608294,Poor Access
01051030500,Census Tract,051,5272,10.00677798378501,Poor Access
01073011402,Census Tract,073,4178,3.193768909339982,Limited
01051030200,Census Tract,051,4970,7.928407840541468,Poor Access
01051031300,Census Tract,051,4157,4.135262903978023,Limited
01051031200,Census Tract,051,1781,4.430116154948407,Limited
01051031100,Census Tract,051,4267,6.751022583143387,Poor Access
01075030000,Census Tract,075,4412,10.469587092541422,Poor Access
01075030200,Census Tract,075,4009,9.589709345069357,Poor Access
01019955701,Census Tract,019,3365,2.151231803529797,Moderate
01101005609,Census Tract,101,5034,1.5392642732446244,Moderate
01015001600,Census Tract,015,3513,0.7989832503334608,Very Close
01039961600,Census Tract,039,4467,3.2369677930623855,Limited
01039962100,Census Tract,039,1798,2.954182787521075,Moderate
01039962400,Census Tract,039,3440,1.3775256164014416,Moderate
01039962600,Census Tract,039,1373,2.0930043587415526,Moderate
01039961800,Census Tract,039,3114,2.0687807651755494,Moderate
01039961900,Census Tract,039,2192,3.9555414140509977,Limited
01039962300,Census Tract,039,3315,3.06270704589673,Limited
01039963000,Census Tract,039,3448,2.7416155737687875,Moderate
01039961700,Census Tract,039,3749,4.498284105154426,Limited
01039962700,Census Tract,039,1690,1.9873187268901689,Moderate
01081041102,Census Tract,081,4000,2.169361794659625,Moderate
01081042103,Census Tract,081,2366,1.4658969118573224,Moderate
01081042008,Census Tract,081,5961,3.0252768096141223,Limited
01081041002,Census Tract,081,4218,3.0374511281260874,Limited
01081040501,Census Tract,081,6514,1.6358931539572912,Moderate
01081040607,Census Tract,081,1307,2.6162908903075213,Moderate
01081041101,Census Tract,081,2070,1.5699079614361167,Moderate
01081041702,Census Tract,081,2869,1.9699944674546503,Moderate
01081041701,Census Tract,081,3293,3.1779614825442244,Limited
01081040904,Census Tract,081,5637,1.065264631940214,Moderate
01081041001,Census Tract,081,7376,3.676841343432662,Limited
01081040502,Census Tract,081,4536,3.0707499812149814,Limited
01081041104,Census Tract,081,3084,2.3823899899433303,Moderate
01081042104,Census Tract,081,6246,2.0829894849261756,Moderate
01081040202,Census Tract,081,3084,0.9926927443758344,Very Close
01081041902,Census Tract,081,3513,3.3604094861489235,Limited
01081041803,Census Tract,081,2649,1.3779999420215505,Moderate
01081040401,Census Tract,081,3532,0.44897356346552797,Very Close
01081040605,Census Tract,081,1754,2.1731806762896464,Moderate
01081041903,Census Tract,081,3585,3.384109616985954,Limited
01081041901,Census Tract,081,2299,5.13032938215149,Poor Access
01081041802,Census Tract,081,2764,2.391079551327672,Moderate
01081041703,Census Tract,081,5114,1.7934788336212948,Moderate
01081041801,Census Tract,081,2618,4.584802700862204,Limited
01081042009,Census Tract,081,1642,2.7389941877547708,Moderate
01081040606,Census Tract,081,2855,0.6804683827031975,Very Close
01081041103,Census Tract,081,2280,1.9032420561046448,Moderate
01081040802,Census Tract,081,2132,0.5058083618474134,Very Close
01081040403,Census Tract,081,1965,1.0536605138749777,Moderate
01081040402,Census Tract,081,2055,0.6567550937127568,Very Close
01081040201,Census Tract,081,3760,0.4484452466293403,Very Close
01081042007,Census Tract,081,3123,2.62407068309279,Moderate
01081040801,Census Tract,081,2743,0.3680397381163822,Very Close
01081040903,Census Tract,081,1961,0.14232679271581325,Very Close
01095030701,Census Tract,095,3689,2.3211834795687767,Moderate
01095030401,Census Tract,095,4817,2.384137678845735,Moderate
01095030903,Census Tract,095,5980,0.5509948979881181,Very Close
01121010101,Census Tract,121,5481,1.2287841070590608,Moderate
01047956701,Census Tract,047,1899,22.144451300561776,Poor Access
01047956702,Census Tract,047,1471,20.98164994283548,Poor Access
01095030702,Census Tract,095,3993,1.7583992480954802,Moderate
01095030904,Census Tract,095,5765,1.6839001210439757,Moderate
01001020801,Census Tract,001,3143,6.09436646238895,Poor Access
01081042005,Census Tract,081,4218,0.829071510105172,Very Close
01101005606,Census Tract,101,4770,1.1616920147561243,Moderate
01025957601,Census Tract,025,934,1.7913358576551737,Moderate
01025957700,Census Tract,025,1087,5.3721838208861685,Poor Access
01021060600,Census Tract,021,3294,1.6012049840451346,Moderate
01021060101,Census Tract,021,5136,1.230543138537905,Moderate
01021060500,Census Tract,021,2995,2.368867615298144,Moderate
01021060200,Census Tract,021,2751,4.662593691483028,Limited
01021060401,Census Tract,021,5749,1.317161480496596,Moderate
01021060300,Census Tract,021,3910,3.6210421213130863,Limited
01081042002,Census Tract,081,8883,1.2626920175084062,Moderate
01081040603,Census Tract,081,1379,1.6267793403040507,Moderate
01081042101,Census Tract,081,3993,5.578466700616393,Poor Access
01089011100,Census Tract,089,865,4.557634509613186,Limited
01101005409,Census Tract,101,2325,0.5071135878320159,Very Close
01101005607,Census Tract,101,5640,1.2629350103089039,Moderate
01089010704,Census Tract,089,6164,2.0192526493479996,Moderate
01089011026,Census Tract,089,3835,1.01379454163231,Moderate
01089010503,Census Tract,089,6342,1.206288235530788,Moderate
01089010102,Census Tract,089,5486,0.9979213565090932,Very Close
01089010631,Census Tract,089,4782,1.4141957008772124,Moderate
01089010630,Census Tract,089,3195,0.7082993649031857,Very Close
01089010904,Census Tract,089,4628,2.7255239068002077,Moderate
01089001404,Census Tract,089,3077,0.9845127242329518,Very Close
01089002804,Census Tract,089,2720,0.5417328023150114,Very Close
01089002924,Census Tract,089,3075,1.835241384322447,Moderate
01089010101,Census Tract,089,4975,2.2571356126935305,Moderate
01089010405,Census Tract,089,3673,1.0275669301311492,Moderate
01089011023,Census Tract,089,6113,0.6974271719500408,Very Close
01089010802,Census Tract,089,5526,2.244847373548866,Moderate
01089010905,Census Tract,089,8213,2.64948466974321,Moderate
01089000203,Census Tract,089,5584,1.6802691076393212,Moderate
01089010903,Census Tract,089,6582,1.6153304719818735,Moderate
01089010628,Census Tract,089,3341,0.8419607366916708,Very Close
01089010703,Census Tract,089,4658,1.5157972811254123,Moderate
01089011027,Census Tract,089,3105,0.820687117428559,Very Close
01089001403,Census Tract,089,2653,1.3186006514485389,Moderate
01075030101,Census Tract,075,3340,4.020571527343067,Limited
01075030102,Census Tract,075,2211,10.29667446796257,Poor Access
01089000902,Census Tract,089,2023,1.2182432027460808,Moderate
01089001000,Census Tract,089,2978,0.39459819662995055,Very Close
01031011204,Census Tract,031,4116,3.651125482088163,Limited
01031011205,Census Tract,031,4206,2.453944431608365,Moderate
01031011203,Census Tract,031,5259,2.7526120477449845,Moderate
01031011206,Census Tract,031,4877,2.0849231328280617,Moderate
01007010006,Census Tract,007,1728,6.528080188497779,Poor Access
01007010011,Census Tract,007,3253,6.218670648555765,Poor Access
01007010007,Census Tract,007,2376,11.190039233984868,Poor Access
01007010005,Census Tract,007,4204,7.162773422600475,Poor Access
01007010008,Census Tract,007,2770,10.197193706128386,Poor Access
01007010009,Census Tract,007,2475,13.103784854037231,Poor Access
01007010010,Census Tract,007,2853,10.28916752849711,Poor Access
01089001200,Census Tract,089,2887,0.524984617286718,Very Close
01089010303,Census Tract,089,3571,2.194105303278501,Moderate
01089010629,Census Tract,089,5136,0.4037690874153377,Very Close
01089002923,Census Tract,089,3578,0.7131010212642065,Very Close
01089010627,Census Tract,089,4502,0.8349877425809695,Very Close
01089010403,Census Tract,089,3096,2.4664380156043078,Moderate
01089011024,Census Tract,089,4809,0.49024565581474056,Very Close
01089011302,Census Tract,089,5111,3.623334902089331,Limited
01089010706,Census Tract,089,4794,1.4463652226606885,Moderate
01089002803,Census Tract,089,5257,1.3846181386502954,Moderate
01089011202,Census Tract,089,4837,2.6764646980406783,Moderate
01089011203,Census Tract,089,5480,2.4637503480231966,Moderate
01089010504,Census Tract,089,7570,1.2246078445270692,Moderate
01011952202,Census Tract,011,4341,1.7451558475773856,Moderate
01011952201,Census Tract,011,2423,5.076161399323691,Poor Access
01021060701,Census Tract,021,2552,1.0514411131826584,Moderate
01021060702,Census Tract,021,2634,1.7373801803274191,Moderate
01021060403,Census Tract,021,3818,2.7965477140724464,Moderate
01021060404,Census Tract,021,5517,3.0638755932907062,Limited
01021060103,Census Tract,021,3310,3.223124937037151,Limited
01021060104,Census Tract,021,3348,1.3094411938962658,Moderate
01069040700,Census Tract,069,2638,7.964120651746887,Poor Access
01069041000,Census Tract,069,5071,9.800946238853589,Poor Access
01069041100,Census Tract,069,3674,8.213767823799905,Poor Access
01069041200,Census Tract,069,2294,9.184819556770641,Poor Access
01069041500,Census Tract,069,4184,5.611272155310596,Poor Access
01069042100,Census Tract,069,8390,6.6686062379075075,Poor Access
01055010505,Census Tract,055,2817,3.2657808540627635,Limited
01055010202,Census Tract,055,2563,0.6364859095379052,Very Close
01055010504,Census Tract,055,4746,2.9025086493133556,Moderate
01055010503,Census Tract,055,4360,3.4515086467039233,Limited
01055010506,Census Tract,055,2344,2.5359205774822713,Moderate
01133965602,Census Tract,133,3128,3.246840121192152,Limited
01133965601,Census Tract,133,2077,4.618159849208581,Limited
01071950901,Census Tract,071,1692,5.44731220193897,Poor Access
01071950902,Census Tract,071,4462,3.423844750731793,Limited
01071950302,Census Tract,071,3089,1.6338235862653798,Moderate
01071951102,Census Tract,071,2876,1.8388026327916926,Moderate
01071950602,Census Tract,071,2451,2.767664802838919,Moderate
01071950101,Census Tract,071,2882,0.4948999387428279,Very Close
01071951101,Census Tract,071,4295,0.5433530881581601,Very Close
01071950102,Census Tract,071,3194,2.673650666103375,Moderate
01095030803,Census Tract,095,2377,2.1993391612996356,Moderate
01095030804,Census Tract,095,5732,2.2981154417793292,Moderate
01095030204,Census Tract,095,1823,1.0053425942839052,Moderate
01095030102,Census Tract,095,1397,1.2786096403060891,Moderate
01095030206,Census Tract,095,3732,4.164161418907243,Limited
01095030101,Census Tract,095,1489,1.210362828035209,Moderate
01095030302,Census Tract,095,4363,1.2581561200619766,Moderate
01095030601,Census Tract,095,2927,1.7431872903213312,Moderate
01095030602,Census Tract,095,4015,3.338988953316722,Limited
01095030502,Census Tract,095,4868,3.7870451412706228,Limited
01095030301,Census Tract,095,2175,1.357868359633208,Moderate
01089000301,Census Tract,089,3965,0.4449778348687792,Very Close
01089000302,Census Tract,089,3580,0.5656281513099913,Very Close
01089002200,Census Tract,089,2161,1.0519994461899171,Moderate
01089002722,Census Tract,089,3129,1.1023668313147377,Moderate
01065040401,Census Tract,065,3153,13.237450222512521,Poor Access
01065040402,Census Tract,065,1559,17.899714310534055,Poor Access
01089002911,Census Tract,089,4489,0.5740193044471357,Very Close
01013952800,Census Tract,013,1411,0.9442230202167236,Very Close
01089000501,Census Tract,089,1909,0.8102836972650463,Very Close
01089000502,Census Tract,089,2291,0.3026414752014187,Very Close
01089000503,Census Tract,089,1767,0.35597573718868863,Very Close
01089000601,Census Tract,089,1531,0.6752482051894233,Very Close
01089000701,Census Tract,089,3167,0.13889398794819893,Very Close
01049960601,Census Tract,049,1547,6.024720333987076,Poor Access
01049960401,Census Tract,049,1289,5.840542953318552,Poor Access
01049960703,Census Tract,049,5153,5.147658645142529,Poor Access
01049960301,Census Tract,049,956,6.167334953978708,Poor Access
01033020704,Census Tract,033,4727,0.6630770148560466,Very Close
01091973001,Census Tract,091,1338,6.771210514259289,Poor Access
01091972901,Census Tract,091,1619,1.96927295240266,Moderate
01091973002,Census Tract,091,2829,1.9059320947087752,Moderate
01091972902,Census Tract,091,3344,2.729954206562065,Moderate
01047956101,Census Tract,047,3889,16.642585552648374,Poor Access
01047956102,Census Tract,047,2639,13.130263099825005,Poor Access
01047957302,Census Tract,047,1154,9.823079471976017,Poor Access
01047957301,Census Tract,047,2284,16.238717663067135,Poor Access
01033020703,Census Tract,033,6796,0.1754329581188589,Very Close
01097006501,Census Tract,097,5349,2.5006056568852784,Moderate
01097006702,Census Tract,097,3772,0.03499058775924257,Very Close
01097006407,Census Tract,097,6959,2.7473491760091227,Moderate
01097007201,Census Tract,097,2855,1.9865593311024659,Moderate
01097007700,Census Tract,097,1154,0.5220446557487743,Very Close
01097007400,Census Tract,097,2878,0.8173721058809632,Very Close
01033020902,Census Tract,033,3712,2.2544059454264618,Moderate
01033020901,Census Tract,033,4287,1.9847531102222744,Moderate
01023956700,Census Tract,023,2783,11.059120364596765,Poor Access
01043964800,Census Tract,043,4638,1.192727869659709,Moderate
01107050401,Census Tract,107,2007,16.669956979898892,Poor Access
01107050402,Census Tract,107,2783,12.929578545134774,Poor Access
01099076102,Census Tract,099,4114,0.7957490912420834,Very Close
01099075901,Census Tract,099,3170,1.3855633915265024,Moderate
01099076101,Census Tract,099,1589,4.41616061854051,Limited
01099075902,Census Tract,099,2669,0.3996202359027524,Very Close
01131034801,Census Tract,131,2155,12.717075921901664,Poor Access
01131034802,Census Tract,131,2591,13.015379601122106,Poor Access
01089000702,Census Tract,089,2765,0.6766181564528884,Very Close
01087232100,Census Tract,087,1553,1.903425048069633,Moderate
01013953200,Census Tract,013,3987,2.5976823988216937,Moderate
01013953500,Census Tract,013,1319,1.7945073523580506,Moderate
01013953000,Census Tract,013,1230,3.0158654081441725,Limited
01013953300,Census Tract,013,1712,2.5892950497095395,Moderate
01013952700,Census Tract,013,2515,4.073773032109486,Limited
01013953100,Census Tract,013,2526,1.942850804148243,Moderate
01013953400,Census Tract,013,2392,5.897594954691309,Poor Access
01013952900,Census Tract,013,1959,3.3296362955851784,Limited
01027958900,Census Tract,027,5629,3.4383177583707223,Limited
01027959200,Census Tract,027,2462,5.1682461997621285,Poor Access
01027959100,Census Tract,027,2940,1.8296795163941988,Moderate
01097000500,Census Tract,097,1487,0.5224288565397366,Very Close
01097003301,Census Tract,097,2871,1.1686775743637614,Moderate
01097006402,Census Tract,097,4870,2.2643474557604892,Moderate
01097007102,Census Tract,097,3201,1.5700676068525878,Moderate
01073002100,Census Tract,073,2986,0.6935062278772548,Very Close
01111000300,Census Tract,111,4090,2.2440230594271195,Moderate
01111000400,Census Tract,111,4286,2.3410979644199847,Moderate
01111000500,Census Tract,111,4467,3.7429248812050386,Limited
01097002301,Census Tract,097,1897,1.0660469024226493,Moderate
01117030314,Census Tract,117,3266,0.5313729299583801,Very Close
01117030317,Census Tract,117,4111,1.6305588530693789,Moderate
01117030319,Census Tract,117,2480,0.9661594470097847,Very Close
01081040300,Census Tract,081,2576,0.14276080379867861,Very Close
01097002302,Census Tract,097,1584,0.6485614081715861,Very Close
01097006902,Census Tract,097,4131,0.4276042428921611,Very Close
01081040700,Census Tract,081,5173,1.1836677417610566,Moderate
01081041300,Census Tract,081,3353,0.8077966931988119,Very Close
01097002502,Census Tract,097,2542,0.7626476201853812,Very Close
01097005300,Census Tract,097,2259,1.121613400077773,Moderate
01097006000,Census Tract,097,5016,1.6687131337504986,Moderate
01097006103,Census Tract,097,4800,2.6913367591453086,Moderate
01097006802,Census Tract,097,3112,0.8591159309419119,Very Close
01097007000,Census Tract,097,4621,2.077773874280751,Moderate
01097000200,Census Tract,097,1247,0.8522815213531678,Very Close
01097000401,Census Tract,097,1177,0.8415997985852713,Very Close
01097000402,Census Tract,097,872,1.2639623812865128,Moderate
01097000600,Census Tract,097,1512,0.5978114975443066,Very Close
01097005400,Census Tract,097,4733,0.4076854727373504,Very Close
01081041400,Census Tract,081,3388,0.7040274451815713,Very Close
01081041600,Census Tract,081,3573,0.5077389497949383,Very Close
01081041200,Census Tract,081,4986,2.4209526771450727,Moderate
01097002400,Census Tract,097,3269,0.988915363917369,Very Close
01097003708,Census Tract,097,4370,1.1518700182092467,Moderate
01003011102,Census Tract,003,5684,4.665449617852161,Limited
01097003710,Census Tract,097,4217,0.19976833480690226,Very Close
01097002501,Census Tract,097,3448,0.9604069662354145,Very Close
01097003205,Census Tract,097,2856,0.31632830580019283,Very Close
01097003302,Census Tract,097,4987,0.16078749318656757,Very Close
01097003402,Census Tract,097,3776,1.012837710788096,Moderate
01117030320,Census Tract,117,5500,1.3903540613414245,Moderate
01117030701,Census Tract,117,5077,4.140427928606848,Limited
01097003405,Census Tract,097,1941,0.4459162975143949,Very Close
01097003406,Census Tract,097,2944,0.34629054062684195,Very Close
01097003901,Census Tract,097,1924,0.7908603882612241,Very Close
01097003902,Census Tract,097,809,0.6929847516377667,Very Close
01097000701,Census Tract,097,1783,0.03017484673154986,Very Close
01097000702,Census Tract,097,2038,0.6388086533935085,Very Close
01097002600,Census Tract,097,2400,0.39870389585333227,Very Close
01097003408,Census Tract,097,3915,1.2761976500843488,Moderate
01097004000,Census Tract,097,2100,0.29467160559633815,Very Close
01097004100,Census Tract,097,638,0.08644560319945123,Very Close
01099076000,Census Tract,099,3093,2.048774275055995,Moderate
01099075800,Census Tract,099,1085,1.0732355287278101,Moderate
01097002700,Census Tract,097,2251,0.3462395973049875,Very Close
01099075700,Census Tract,099,1428,1.0771096445086603,Moderate
01099076200,Census Tract,099,1698,3.5406297818687777,Limited
01099075600,Census Tract,099,926,5.341308120660043,Poor Access
01117030331,Census Tract,117,4509,1.0535485968106444,Moderate
01117030800,Census Tract,117,4235,1.967352232936683,Moderate
01117030315,Census Tract,117,5610,0.6451715545481572,Very Close
01117030607,Census Tract,117,6175,0.8508918072736913,Very Close
01117030304,Census Tract,117,6311,1.3640751190939635,Moderate
01117030316,Census Tract,117,5096,1.5228647922494432,Moderate
01117030305,Census Tract,117,3935,0.5604042278395758,Very Close
01117030330,Census Tract,117,5557,0.22314799005817798,Very Close
01117030306,Census Tract,117,3866,0.6179119595814943,Very Close
01097000901,Census Tract,097,1543,0.5005554190141194,Very Close
01097000902,Census Tract,097,1914,0.3327056619078106,Very Close
01097000903,Census Tract,097,1454,0.281699065162116,Very Close
01097001001,Census Tract,097,1513,0.7481167701256892,Very Close
01097001002,Census Tract,097,1777,0.5267355374121019,Very Close
01097001100,Census Tract,097,2141,0.16106772271282713,Very Close
01097001302,Census Tract,097,2402,0.3062378909563645,Very Close
01097001400,Census Tract,097,1890,0.5615972601856906,Very Close
01097002800,Census Tract,097,4562,0.04213446461049342,Very Close
01073014001,Census Tract,073,3864,1.4590759592402869,Moderate
01073014410,Census Tract,073,5568,0.10385036164784973,Very Close
01087231602,Census Tract,087,1602,2.7900009628939535,Moderate
01087231601,Census Tract,087,1132,3.3949427944346864,Limited
01087231603,Census Tract,087,1112,3.8790154199624443,Limited
01003010904,Census Tract,003,7747,4.0640345304544585,Limited
01003011501,Census Tract,003,7216,1.1554721268608388,Moderate
01011952100,Census Tract,011,1272,2.3880720947873617,Moderate
01069040302,Census Tract,069,3916,7.62184391553855,Poor Access
01069040301,Census Tract,069,3883,7.933354503074241,Poor Access
01025958003,Census Tract,025,2803,4.72901546224969,Limited
01025957603,Census Tract,025,2111,1.9354633709469318,Moderate
01025957604,Census Tract,025,2688,2.333482100700693,Moderate
01003010400,Census Tract,003,5722,10.208963315224157,Poor Access
01003011201,Census Tract,003,4895,0.8327636013818283,Very Close
01003010800,Census Tract,003,7807,0.6977989714412158,Very Close
01003011000,Census Tract,003,5459,0.8237528647963097,Very Close
01003010300,Census Tract,003,8380,5.3932433246196805,Poor Access
01003010500,Census Tract,003,4850,4.107189023685136,Limited
01003011300,Census Tract,003,5170,4.15702705358401,Limited
01003010704,Census Tract,003,5307,1.5982863780653094,Moderate
01003010100,Census Tract,003,3745,4.262290520015265,Limited
01033020802,Census Tract,033,3422,3.4078214729393435,Limited
01033021000,Census Tract,033,3678,3.3177690104389117,Limited
01033020801,Census Tract,033,4182,1.5283648369908158,Moderate
01033020100,Census Tract,033,3599,0.612563978719778,Very Close
01003010200,Census Tract,003,3000,5.798991718168504,Poor Access
01003010600,Census Tract,003,3234,1.135471065602293,Moderate
01111000100,Census Tract,111,3772,1.0466199893226693,Moderate
01111000200,Census Tract,111,3439,2.594089016600658,Moderate
01095030801,Census Tract,095,5137,1.8155149438529714,Moderate
01095031100,Census Tract,095,5066,2.370581592347658,Moderate
01095030902,Census Tract,095,4887,2.638458975107566,Moderate
01043964400,Census Tract,043,4562,2.223527485037857,Moderate
01043964500,Census Tract,043,4629,4.518381913091817,Limited
01043964100,Census Tract,043,5974,2.3835405546206556,Moderate
01043964700,Census Tract,043,5369,1.8218970481031305,Moderate
01043965600,Census Tract,043,2455,9.113335965830867,Poor Access
01043965700,Census Tract,043,2952,5.985066968285246,Poor Access
01043965300,Census Tract,043,4944,1.5348179494374363,Moderate
01095031200,Census Tract,095,5727,2.194353490418615,Moderate
01055011002,Census Tract,055,4797,3.4656346671635334,Limited
01055001200,Census Tract,055,3101,0.9348572823496427,Very Close
01055010800,Census Tract,055,2791,3.95806895351095,Limited
01055010602,Census Tract,055,4004,5.5502247995462755,Poor Access
01055000200,Census Tract,055,3080,1.9518651632534727,Moderate
01055010401,Census Tract,055,3452,1.1525208183815772,Moderate
01123962501,Census Tract,123,4285,14.004035877535681,Poor Access
01123961900,Census Tract,123,2342,10.074193111827414,Poor Access
01039962500,Census Tract,039,1550,1.3418881203051898,Moderate
01039962800,Census Tract,039,1693,4.915653183340785,Limited
01039962000,Census Tract,039,3911,1.3594344105546439,Moderate
01039962900,Census Tract,039,1830,3.2005673618405788,Limited
01109189003,Census Tract,109,3946,1.707564393354868,Moderate
01043965100,Census Tract,043,4255,2.2298748794452856,Moderate
01043964600,Census Tract,043,4046,5.891552263979912,Poor Access
01043965200,Census Tract,043,2395,1.0929310004675497,Moderate
01043964300,Census Tract,043,5372,2.8704432105886695,Moderate
01017954600,Census Tract,017,3844,8.702984227187823,Poor Access
01065040200,Census Tract,065,1396,19.22343382778747,Poor Access
01065040300,Census Tract,065,1946,17.711280981204496,Poor Access
01065040100,Census Tract,065,1627,15.535402694894382,Poor Access
01065040500,Census Tract,065,1480,6.4803378323238,Poor Access
01065040000,Census Tract,065,3624,7.876320584767028,Poor Access
01071951000,Census Tract,071,4349,2.09810936440021,Moderate
01071950200,Census Tract,071,3360,2.481614705717768,Moderate
01071950400,Census Tract,071,1987,2.129745056167486,Moderate
01071950700,Census Tract,071,4654,1.4495886508796096,Moderate
01071950500,Census Tract,071,3416,1.2356358035600183,Moderate
01051030902,Census Tract,051,4120,8.426479388678107,Poor Access
01051030702,Census Tract,051,4073,7.1925998499953465,Poor Access
01051030701,Census Tract,051,8391,5.122873635246784,Poor Access
01049960900,Census Tract,049,3995,4.375288813412261,Limited
01049960500,Census Tract,049,5125,3.6114950281085174,Limited
01117980000,Census Tract,117,14,2.6439177460875856,Moderate
01049960200,Census Tract,049,3518,5.74309330625893,Poor Access
01049961000,Census Tract,049,3950,4.615638593519228,Limited
01049961100,Census Tract,049,3336,2.2925437474188195,Moderate
01049960800,Census Tract,049,4595,4.952049720655494,Limited
01049961400,Census Tract,049,4216,2.276198884712614,Moderate
01049961200,Census Tract,049,2425,2.1723219084200895,Moderate
01049961300,Census Tract,049,5981,2.740363757247,Moderate
01071950800,Census Tract,071,4135,0.22061787092674143,Very Close
01061050100,Census Tract,061,4890,3.2334250575442147,Limited
01061050600,Census Tract,061,4002,3.3054852140078275,Limited
01061050300,Census Tract,061,5173,1.2668487130169868,Moderate
01061050400,Census Tract,061,6004,2.957081585870483,Moderate
01061050500,Census Tract,061,4499,1.3010141452559822,Moderate
01061050200,Census Tract,061,2091,1.6871020766417195,Moderate
01073014301,Census Tract,073,3014,1.358979743513035,Moderate
01073010802,Census Tract,073,3633,0.4783470214024505,Very Close
01073012103,Census Tract,073,4277,1.4538489542428565,Moderate
01073014104,Census Tract,073,3820,2.687481451022346,Moderate
01073010500,Census Tract,073,1581,0.8803004946249463,Very Close
01073014404,Census Tract,073,5918,0.7980612397495623,Very Close
01073003200,Census Tract,073,1125,0.3454296925582602,Very Close
01073011706,Census Tract,073,2304,3.7464053439565244,Limited
01073012701,Census Tract,073,4081,1.5877646773433618,Moderate
01073005600,Census Tract,073,5053,0.2468916118017957,Very Close
01073012602,Census Tract,073,3106,1.2467804473799469,Moderate
01073012104,Census Tract,073,2806,1.7182084183820245,Moderate
01073010803,Census Tract,073,6514,0.3610061362561885,Very Close
01073005000,Census Tract,073,3374,0.7882286822710641,Very Close
01073012403,Census Tract,073,3414,1.7166220966135208,Moderate
01073012302,Census Tract,073,3918,3.0125826623610954,Limited
01073011901,Census Tract,073,2926,2.6942648254688764,Moderate
01073011205,Census Tract,073,2172,1.065587787130465,Moderate
01073011210,Census Tract,073,3710,1.1607210371706793,Moderate
01073011600,Census Tract,073,3863,2.716905668211104,Moderate
01073010100,Census Tract,073,1381,0.26811405349922757,Very Close
01089001302,Census Tract,089,1968,0.5898468504745764,Very Close
01089003000,Census Tract,089,2837,0.3076973401131891,Very Close
01089003100,Census Tract,089,3699,0.6520792585574009,Very Close
01015981902,Census Tract,015,2,4.518153844913092,Limited
01015000900,Census Tract,015,3417,0.31952608010639627,Very Close
01015002400,Census Tract,015,4402,1.9347864935936507,Moderate
01015001400,Census Tract,015,3160,1.397590967675347,Moderate
01015000600,Census Tract,015,1780,1.3394414710382703,Moderate
01015002600,Census Tract,015,4664,2.0199922798781382,Moderate
01047956800,Census Tract,047,2709,21.88501774273375,Poor Access
01015001000,Census Tract,015,5718,0.2974183955510543,Very Close
01015002102,Census Tract,015,3243,1.4175784312577144,Moderate
01015981903,Census Tract,015,0,4.023535510047559,Limited
01015002502,Census Tract,015,4553,1.2045364730054218,Moderate
01015000700,Census Tract,015,2952,2.682540222044636,Moderate
01015002300,Census Tract,015,3717,2.731407840845819,Moderate
01015001202,Census Tract,015,4304,1.10569554102884,Moderate
01063060000,Census Tract,063,1366,13.251308887733051,Poor Access
01063060200,Census Tract,063,2199,10.882803846006745,Poor Access
01073013601,Census Tract,073,2918,0.4946110212646592,Very Close
01073013801,Census Tract,073,1907,0.7992177495633445,Very Close
01073013901,Census Tract,073,1565,0.4687087310091921,Very Close
01073013902,Census Tract,073,2269,1.0657140675156136,Moderate
01073014105,Census Tract,073,5057,0.9883326750364337,Very Close
01073000500,Census Tract,073,3037,0.5775836259944664,Very Close
01073000700,Census Tract,073,2252,0.2610096731691052,Very Close
01073014405,Census Tract,073,4226,1.0846320100097129,Moderate
01073000800,Census Tract,073,3306,0.7256739427838235,Very Close
01073001100,Census Tract,073,4420,0.7103544750338647,Very Close
01073001200,Census Tract,073,2496,0.5320742248745984,Very Close
01073001400,Census Tract,073,1791,0.7684491917889922,Very Close
01073001500,Census Tract,073,2452,0.4991117728134479,Very Close
01073001600,Census Tract,073,2661,0.23090936965997896,Very Close
01073001902,Census Tract,073,1522,0.918846490593485,Very Close
01073002000,Census Tract,073,3478,0.38997941596310803,Very Close
01073002200,Census Tract,073,2391,0.333307114835475,Very Close
01073002303,Census Tract,073,2998,0.3822098654537342,Very Close
01073002305,Census Tract,073,3050,0.3321963780946205,Very Close
01073002306,Census Tract,073,3489,0.509218356633922,Very Close
01073002900,Census Tract,073,1838,0.9255027753925833,Very Close
01073003001,Census Tract,073,3200,0.3480273669837314,Very Close
01073003002,Census Tract,073,2568,0.21306814676589442,Very Close
01073003100,Census Tract,073,3051,0.48821798833985236,Very Close
01073003300,Census Tract,073,754,0.9662319053861582,Very Close
01073003400,Census Tract,073,1955,1.060124863534542,Moderate
01085781100,Census Tract,085,1535,8.795463797458147,Poor Access
01085780800,Census Tract,085,3359,5.139274247918065,Poor Access
01085781200,Census Tract,085,2707,3.543242070118577,Limited
01085781000,Census Tract,085,2710,1.5795657285487934,Moderate
01073003500,Census Tract,073,2206,1.9049003200318322,Moderate
01073003600,Census Tract,073,4359,0.9508218724044383,Very Close
01073003802,Census Tract,073,4607,1.0120023565625025,Moderate
01073003803,Census Tract,073,3547,0.2009339535427325,Very Close
01073003900,Census Tract,073,976,0.618078540830746,Very Close
01073004000,Census Tract,073,2984,0.10054820719225531,Very Close
01073004200,Census Tract,073,1741,0.46176562930066184,Very Close
01041963900,Census Tract,041,1371,2.685530251799623,Moderate
01041963800,Census Tract,041,1561,5.501579672839324,Poor Access
01041963400,Census Tract,041,1850,3.5718661795803426,Limited
01041963600,Census Tract,041,2829,2.721237983666248,Moderate
01041963700,Census Tract,041,3621,1.9177854878696108,Moderate
01041963500,Census Tract,041,1962,0.9723771471051711,Very Close
01045021300,Census Tract,045,4231,2.8960646092603377,Moderate
01045021102,Census Tract,045,4153,1.9097185990581276,Moderate
01045020300,Census Tract,045,2375,0.7122422989430537,Very Close
01045020400,Census Tract,045,2423,2.210505343268772,Moderate
01045021101,Census Tract,045,4770,1.0869935593598692,Moderate
01045020200,Census Tract,045,2186,2.057671118494,Moderate
01045020100,Census Tract,045,3911,4.818875446347554,Limited
01045021200,Census Tract,045,2391,0.9835639655503897,Very Close
01073004701,Census Tract,073,3482,0.3796408958982615,Very Close
01073004702,Census Tract,073,3136,0.36204832036389206,Very Close
01073004800,Census Tract,073,2011,0.8294050346352209,Very Close
01073005101,Census Tract,073,1081,0.8855148041304985,Very Close
01073005200,Census Tract,073,3365,0.3263589059873421,Very Close
01073005302,Census Tract,073,3484,0.9143902087729531,Very Close
01073005500,Census Tract,073,1943,1.098940767272924,Moderate
01073005701,Census Tract,073,1990,0.17943207260341448,Very Close
01073005702,Census Tract,073,3079,0.7379959563257311,Very Close
01073005800,Census Tract,073,2803,0.8221562037025837,Very Close
01073005903,Census Tract,073,5149,0.9014714155970858,Very Close
01089002801,Census Tract,089,5142,0.6819916551435455,Very Close
01063060102,Census Tract,063,2097,16.08485169892971,Poor Access
01063060101,Census Tract,063,2068,13.32792186672689,Poor Access
01069040802,Census Tract,069,4480,6.174292973506029,Poor Access
01069040204,Census Tract,069,5884,8.705926933021813,Poor Access
01069041902,Census Tract,069,4635,14.490302693847052,Poor Access
01069040205,Census Tract,069,5732,6.701260065457738,Poor Access
01069040203,Census Tract,069,3289,7.341852098411673,Poor Access
01069040801,Census Tract,069,4852,5.715079138549501,Poor Access
01069041901,Census Tract,069,2783,10.91443591157627,Poor Access
01069040206,Census Tract,069,4597,6.706266349605209,Poor Access
