STATEFP,COUNTYFP,TRACTCE,BLKGRPCE,POPULATION,LATITUDE,LONGITUDE,GEOID,geometry,min_dist_to_poll_miles,nearest_polling_idx,min_manhattan_dist_miles,min_dist_to_civic_center_miles,dist_to_city_hall_miles,min_dist_to_poll_miles_norm,min_manhattan_dist_miles_norm,min_dist_to_civic_center_miles_norm,accessibility_score,accessibility_category
1,101,100,1,982,32.379105,-86.308949,011010001001,POINT (-86.308949 32.379105),1.2028479814944746,16,1.3147259999997942,0.07136968562368329,0.07136968562368329,0.1651943544330774,0.1359132025234134,0.0,0.10685170253025497,Excellent
1,101,200,1,900,32.372445,-86.304582,011010002001,POINT (-86.304582 32.372445),0.9587880816887301,16,1.2376529999997459,0.34314823850467774,0.5205155712455442,0.12712051258353269,0.12652524838638596,0.010181884045010331,0.09186034476283196,Excellent
1,101,200,2,540,32.370889,-86.315858,011010002002,POINT (-86.315858 32.370889),0.7124461916489327,14,0.7417500000020709,0.7935026549961463,0.7935026549961463,0.08869067560597765,0.06612128564470511,0.02705391606985626,0.06342883075675947,Excellent
1,101,300,1,999,32.412411,-86.293391,011010003001,POINT (-86.293391 32.412411),1.0490687069596913,22,1.2464187599969705,2.372561364880268,2.50061772971418,0.1412044741494453,0.1275929705826166,0.08621161086906225,0.12062316409528177,Excellent
1,101,300,2,262,32.394912,-86.298449,011010003002,POINT (-86.298449 32.394912),0.2319581898851665,20,0.31001424000345423,1.2652663130123147,1.2652663130123147,0.01373356792741913,0.013533277987300366,0.044728021740268936,0.02297181708923844,Excellent
1,101,400,1,719,32.409662,-86.281546,011010004001,POINT (-86.281546 32.409662),0.573135282773938,22,0.7164960000006246,1.8060635790470114,2.7796915096781047,0.06695788985688655,0.06304519682255053,0.06498839547562761,0.06519323363220807,Excellent
1,101,400,2,600,32.407069,-86.281504,011010004002,POINT (-86.281504 32.407069),0.5425909639459475,21,0.6588989400053933,1.638236380836747,2.649032968661626,0.06219291385966374,0.056029529109311,0.058700934402405536,0.05929630459738046,Excellent
1,101,400,3,768,32.404175,-86.280336,011010004003,POINT (-86.280336 32.404175),0.3305501887056021,21,0.3786209400060514,1.4229040088783318,2.5670673434561175,0.029114120708549993,0.021889985953991404,0.05063374433469751,0.03340276737002667,Excellent
1,101,400,4,492,32.401294,-86.281484,011010004004,POINT (-86.281484 32.401294),0.1831916833222144,21,0.2590439400059452,1.2778194410059875,2.37681229563239,0.006125893500319653,0.0073247894280533635,0.04519831084983572,0.018207287483494587,Excellent
1,101,400,5,718,32.398316,-86.277825,011010004005,POINT (-86.277825 32.398316),0.14392364833334303,21,0.19890905999390185,0.9831429376452152,2.4596813758326266,0.0,0.0,0.03415858031847819,0.010247574095543456,Excellent
1,101,400,6,520,32.392249,-86.286116,011010004006,POINT (-86.286116 32.392249),0.5497527283909677,18,0.6845579699991688,1.061128602469367,1.7529666083683895,0.06331016371127976,0.05915495301628264,0.03708022732849905,0.054194619587946406,Excellent
1,101,400,7,450,32.387629,-86.282926,011010004007,POINT (-86.282926 32.387629),0.34606580090213535,18,0.4672300500016249,0.7402555816998921,1.819795170153747,0.031534587837479665,0.032683107549890636,0.025059073135079053,0.029936489340482774,Excellent
1,101,500,1,1596,32.379782,-86.28537,011010005001,POINT (-86.28537 32.379782),0.4602192619437676,16,0.5942279999999585,0.9608557187553916,1.5564504892617061,0.04934276044484616,0.048152220340103954,0.03332361421826014,0.04417985454544769,Excellent
1,101,500,2,661,32.382365,-86.277859,011010005002,POINT (-86.277859 32.382365),0.5257726612734186,18,0.5671710300008286,0.41514328088827906,2.085601613132984,0.05956922436113773,0.04485651894741651,0.012879098985610947,0.04114837512436333,Excellent
1,101,500,3,645,32.385643,-86.276811,011010005003,POINT (-86.276811 32.385643),0.31942262276995176,18,0.41330103000150586,0.2998093273566633,2.1919350342951063,0.027378197740698475,0.026114229130526717,0.00855823948855664,0.021353019682004398,Excellent
1,101,600,1,1182,32.374026,-86.292024,011010006001,POINT (-86.292024 32.374026),0.23463705413256716,16,0.26206199999973734,0.5586497209989497,1.1536764344441106,0.014151476210480433,0.00769240725536643,0.018255409652622553,0.013444935556588867,Excellent
1,101,600,2,581,32.369352,-86.291031,011010006002,POINT (-86.291031 32.369352),0.5334221777597792,15,0.594573000000068,0.7229812789172322,1.3493310961672162,0.06076256452541293,0.0481942434114558,0.024411910413712812,0.046086871957715755,Excellent
1,101,700,1,519,32.362934,-86.311954,011010007001,POINT (-86.311954 32.362934),0.3407776776154387,14,0.46223100000277384,1.1475861116237642,1.1570239071219812,0.030709629825701266,0.032074193246335675,0.040319262652290605,0.03400188869986839,Excellent
1,101,700,2,478,32.36165,-86.3034,011010007002,POINT (-86.3034 32.36165),0.6906789638211903,15,0.7138657199977345,0.922105684019088,1.2511357336438351,0.08529494369558961,0.06272481292631375,0.03187188686066423,0.06249698741432924,Excellent
1,101,900,1,618,32.378299,-86.348277,011010009001,POINT (-86.348277 32.378299),0.38558426125852147,17,0.4846560000005766,1.7650069579268302,2.785342384442188,0.03769954820558653,0.034805692883070734,0.06345025440049776,0.04455660346730515,Excellent
1,101,900,2,1515,32.389821,-86.353236,011010009002,POINT (-86.353236 32.389821),0.678114282887897,17,0.7027649999999923,2.629324593704041,3.2113797744422237,0.08333482785876037,0.06137267858320109,0.09583096234176977,0.0804950234209954,Excellent
1,101,1000,1,322,32.375817,-86.334234,011010010001,POINT (-86.334234 32.375817),1.1147568830058354,13,1.2554280900006205,1.5385171932886335,1.830697624744432,0.15145196350823212,0.12869036106799486,0.054965064908972336,0.115677413196383,Excellent
1,101,1000,2,878,32.360929,-86.34309,011010010002,POINT (-86.34309 32.360929),0.7659034218793284,13,0.8392200900012767,0.5198935532407849,2.734980932698427,0.09703011248654167,0.07799372780530489,0.016803452528119822,0.06725119909464408,Excellent
1,101,1100,1,294,32.366283,-86.325275,011010011001,POINT (-86.325275 32.366283),0.6463743454454417,13,0.9138794699987116,1.2983730458357872,1.4931819274272045,0.0783833329205901,0.08708768853492982,0.04596832900934671,0.071270138431519,Excellent
1,101,1100,2,479,32.365514,-86.330903,011010011002,POINT (-86.330903 32.365514),0.4014151729189057,13,0.4724864699982376,0.9888781045223815,1.846054613089148,0.04016920269356808,0.033323371064391476,0.03437344202667066,0.03637672500474587,Excellent
1,101,1100,3,394,32.361711,-86.330681,011010011003,POINT (-86.330681 32.361711),0.16150827530387268,13,0.2253974699989385,0.8098539200384459,1.9810068497717823,0.002743237651052358,0.0032264473718410704,0.027666498199259336,0.010365178731751065,Excellent
1,101,1100,4,335,32.356395,-86.32922,011010011004,POINT (-86.32922 32.356395),0.30586980257854074,13,0.43065590999849945,0.7388106329931271,2.153655944023436,0.025263930165427783,0.02822815771077257,0.025004939723787725,0.026075501296539204,Excellent
1,101,1100,5,396,32.354823,-86.325613,011010011005,POINT (-86.325613 32.354823),0.5616575547084514,13,0.78800690999838,0.9729530894018436,2.0789140274909834,0.0651673408830271,0.07175565500317932,0.0337768288809551,0.05772668151845117,Excellent
1,101,1100,6,786,32.355658,-86.336614,011010011006,POINT (-86.336614 32.355658),0.4259042672494931,13,0.6016365300010804,0.2355029739937058,2.5614174944239227,0.04398955132652044,0.04905462377416363,0.00614907281091303,0.034156929506131174,Excellent
1,101,1200,1,262,32.355227,-86.314374,011010012001,POINT (-86.314374 32.355227),0.3918791794660898,14,0.5011897799987608,1.660393217284794,1.7136999872222631,0.03868156827722279,0.036819606553675964,0.05953101586809447,0.04437781403742025,Excellent
1,101,1200,2,876,32.362324,-86.317695,011010012002,POINT (-86.317695 32.362324),0.15483711605366923,14,0.21765222000133377,1.3462740298993232,1.3462740298993232,0.0017025232098535456,0.0022830294205834385,0.04776288660120486,0.01569478409047791,Excellent
1,101,1200,3,317,32.355867,-86.318857,011010012003,POINT (-86.318857 32.355867),0.3698094088967792,14,0.5016989999967691,1.4427593737064863,1.7786931537781243,0.03523863908246169,0.036881632606729,0.05137760370184989,0.040573226525558344,Excellent
1,101,1300,1,1020,32.355389,-86.304777,011010013001,POINT (-86.304777 32.355389),0.7175321928653267,8,0.949052909999196,1.36427649061683,1.6578942459907986,0.08948410216279301,0.09137202470409186,0.048437328957334304,0.07773644696354506,Excellent
1,101,1300,2,1074,32.347924,-86.307513,011010013002,POINT (-86.307513 32.347924),0.1749222051722176,8,0.24518390999904938,1.9103925030593751,2.1589166583370987,0.004835838052817447,0.005636554559260393,0.06889696366680391,0.024294390688946267,Excellent
1,101,1400,1,792,32.355633,-86.286891,011010014001,POINT (-86.286891 32.355633),0.27851221953439326,12,0.39384786000249505,1.5948178986865729,2.179890923640542,0.020996091446171945,0.02374471623015438,0.05707430880602524,0.03264414408932266,Excellent
1,101,1400,2,1139,32.34896,-86.28823,011010014002,POINT (-86.28823 32.34896),0.2804494810264038,12,0.3633581399973238,1.9495479595282805,2.4904685692857336,0.021298308187745345,0.02003088527691296,0.07036387970292843,0.035637752769050554,Excellent
1,101,1400,3,1131,32.352186,-86.297267,011010014003,POINT (-86.297267 32.352186),0.5227891180221514,12,0.5599391399976525,1.5588706328250552,2.0043080580547876,0.05910378553243036,0.04397563132563195,0.055727584096303934,0.053552478839552914,Excellent
1,101,1400,4,493,32.357737,-86.29382,011010014004,POINT (-86.29382 32.357737),0.29504080344097566,15,0.32284271999755987,1.2416150142493234,1.7725074357443305,0.02357458422666163,0.015095863871233288,0.043841951890511065,0.02711117841918796,Excellent
1,101,1500,1,1060,32.357476,-86.27282,011010015001,POINT (-86.27282 32.357476),1.210330953609828,12,1.4919138600026471,1.9061838845024344,2.848602768958216,0.1663617133359995,0.15749574768635993,0.06873929240951668,0.1344151973631628,Excellent
1,101,1500,2,644,32.361251,-86.28078,011010015002,POINT (-86.28078 32.361251),0.8510074552493333,12,0.9216247199982774,1.6203371547187773,2.2455289450018947,0.11030651516419153,0.08803110648642633,0.058030359616806505,0.08794104589664646,Excellent
1,101,1500,3,2408,32.363839,-86.295351,011010015003,POINT (-86.295351 32.363839),0.18558149099267277,15,0.2623462800016867,0.8115999339837365,1.3700408318448627,0.00649870836817907,0.0077270342663868,0.027731910688006026,0.013237166833589475,Excellent
1,101,1600,1,784,32.378588,-86.266627,011010016001,POINT (-86.266627 32.378588),0.730984398796291,41,0.7444327199994945,0.6050724566138435,2.8495402204235405,0.0915826737083468,0.06644805704711948,0.019994586295048754,0.0625658624859892,Excellent
1,101,1600,2,1351,32.36978,-86.276672,011010016002,POINT (-86.276672 32.36978),1.1564646684719195,16,1.5174390300010359,1.0955756988108274,2.252152393920411,0.15795846305606584,0.16060486664221416,0.03837074983999991,0.12287607016709055,Excellent
1,101,1600,3,1141,32.374988,-86.279077,011010016003,POINT (-86.279077 32.374988),0.8799685350926955,16,1.0305150000000864,0.8323284213298233,2.0113753665120613,0.11482450265261487,0.10129459635479031,0.028508480628308623,0.08487072415597564,Excellent
1,101,1600,4,554,32.377926,-86.272316,011010016004,POINT (-86.272316 32.377926),0.9330318760561447,18,1.1555029799978271,0.49516878784099777,2.45827301579571,0.1231024920046505,0.1165188827313133,0.01587716643353255,0.08895981155131395,Excellent
1,101,1700,1,1085,32.374791,-86.248557,011010017001,POINT (-86.248557 32.374791),0.5726591999919072,41,0.7175385899971687,1.79869478720747,4.107380155783559,0.06688361997246572,0.06317219054371453,0.06471233180810605,0.06511880469453246,Excellent
1,101,1700,2,609,32.362839,-86.248042,011010017002,POINT (-86.248042 32.362839),0.9460001381541806,36,1.1870401200009226,2.2819562130952584,4.283218850762074,0.12512556732581984,0.12036029572888557,0.08281718868388165,0.1110034722541581,Excellent
1,101,1700,3,1498,32.364283,-86.258176,011010017003,POINT (-86.258176 32.364283),0.9846176836767597,41,1.1212099799981203,1.7435638726079203,3.5835393395720088,0.13114998314347176,0.11234178944030182,0.06264691283446916,0.10495660393982,Excellent
1,101,1700,4,1297,32.376159,-86.259864,011010017004,POINT (-86.259864 32.376159),0.3058297569182888,41,0.4182379799971798,1.0680744826542163,3.3225400397674885,0.025257682960801348,0.026715579280853757,0.03734044707683084,0.02931988109162592,Excellent
1,101,1700,5,980,32.376189,-86.253552,011010017005,POINT (-86.253552 32.376189),0.22899827940071302,41,0.32327328000082645,1.4447760129599458,3.7571788516469873,0.013271815858506583,0.015148308664661629,0.051453154869599074,0.025289165403680845,Excellent
1,101,1800,1,999,32.39964,-86.264009,011010018001,POINT (-86.264009 32.39964),1.0744256549143065,21,1.0878250199990234,1.161802405850458,3.341738330387063,0.14516020971673668,0.10827530087312758,0.040851860452343375,0.10280223228433596,Excellent
1,101,1800,2,1116,32.391625,-86.268629,011010018002,POINT (-86.268629 32.391625),0.6896895768300657,18,0.7949869499983677,0.5234925275735904,2.8431976483288137,0.08514059730825578,0.07260586578249842,0.016938284136240277,0.06091948389892392,Excellent
1,101,1800,3,1260,32.386239,-86.265845,011010018003,POINT (-86.265845 32.386239),0.8668385971928481,41,1.1288310300011375,0.46587186361241323,2.9434080672963066,0.11277620557681083,0.11327007908653686,0.014779589445912344,0.0835253827904591,Excellent
1,101,1900,1,868,32.399366,-86.254102,011010019001,POINT (-86.254102 32.399366),1.1494978585241447,44,1.3607414100025963,1.6063892948965532,3.9653342849066604,0.15687162650340586,0.14151815573274157,0.05750781841596301,0.12245644284597373,Excellent
1,101,1900,2,726,32.388458,-86.248359,011010019002,POINT (-86.248359 32.388458),0.4055849849878566,44,0.5330381100035808,1.6817666063532717,4.158953593059942,0.04081970187586686,0.04069892436180563,0.06033174634089017,0.046637081961155485,Excellent
1,101,1900,3,648,32.38887,-86.253518,011010019003,POINT (-86.253518 32.38887),0.44593060557672515,44,0.5962214100021228,1.335340269542852,3.812456497357269,0.04711370092628423,0.048395029646561456,0.04735326531598789,0.04756996885927849,Excellent
1,101,1900,4,868,32.397126,-86.249219,011010019004,POINT (-86.249219 32.397126),0.9757912863950919,44,1.0717901100033842,1.8080496955991674,4.234818693377143,0.12977304717623195,0.1063221525639878,0.06506280314400158,0.10332470558288959,Excellent
1,101,2000,1,1492,32.338892,-86.265492,011010020001,POINT (-86.265492 32.338892),0.549421784094683,33,0.7632255599973092,3.2248117794079003,4.038520137672722,0.06325853572647856,0.06873713778880423,0.11814023366157533,0.0813666257257053,Excellent
1,101,2000,2,1468,32.333568,-86.275806,011010020002,POINT (-86.275806 32.333568),1.024160445117811,33,1.107535559997757,3.2902391239938695,3.8507324008243144,0.13731873453032054,0.11067616298468466,0.12059139704030954,0.12430776181962647,Excellent
1,101,2000,3,1133,32.346434,-86.274689,011010020003,POINT (-86.274689 32.346434),1.1242765276480962,12,1.4719811399972969,2.6174952211986917,3.2205823264833184,0.15293704747680617,0.1550678227160549,0.0953877879341577,0.13631150218578625,Excellent
1,101,2000,4,657,32.349351,-86.26699,011010020004,POINT (-86.26699 32.349351),1.2462355380896597,33,1.5882585599979677,2.4958084044776405,3.495805026361906,0.1719629017010148,0.1692311105877803,0.09082892541713378,0.14680317148188016,Excellent
1,101,2100,1,833,32.338882,-86.28592,011010021001,POINT (-86.28592 32.338882),0.7162366678739613,6,0.9930197100006595,2.6516547599875113,3.1697578531211335,0.08928199762340479,0.09672744491564894,0.09666753741877245,0.09373129374968833,Excellent
1,101,2100,2,1585,32.330458,-86.289605,011010021002,POINT (-86.289605 32.330458),0.38875857885221277,6,0.5267453100030934,2.5164134348372493,3.5934340994053824,0.03819474822057722,0.03993242354053197,0.09160087017745974,0.05473788740362841,Excellent
1,101,2100,3,1468,32.339216,-86.294199,011010021003,POINT (-86.294199 32.339216),0.42043076746572894,6,0.44481471000069916,2.4607929389475025,2.9174729750926023,0.043135674203337054,0.029952784558772667,0.0895171095801938,0.05309523792302476,Excellent
1,101,2201,1,810,32.341066,-86.303322,011010022011,POINT (-86.303322 32.341066),0.5176522200179856,8,0.7295114700038283,2.032834199446586,2.6509889258050503,0.05830241897297704,0.06463055921225712,0.07348410691881334,0.06475536742851196,Excellent
1,101,2201,2,206,32.33566,-86.301926,011010022012,POINT (-86.301926 32.33566),0.5371005838778034,6,0.6823416899967043,1.8783689369332401,3.033278404943641,0.06133640337770912,0.058884996805703894,0.06769723604463646,0.06250923120618575,Excellent
1,101,2201,3,826,32.331144,-86.303473,011010022013,POINT (-86.303473 32.331144),0.6291913259247239,5,0.714900029998006,1.6325179306411608,3.330718099984494,0.07570274685032552,0.06285079809421965,0.05848669896627044,0.06668234785827723,Excellent
1,101,2201,4,945,32.330424,-86.311966,011010022014,POINT (-86.311966 32.330424),0.5971194694367962,7,0.8002544100017772,1.1027446333814845,3.3777906188856632,0.07069947186449389,0.07324747403610997,0.038639326075140354,0.061845828779172655,Excellent
1,101,2201,5,967,32.339492,-86.312504,011010022015,POINT (-86.312504 32.339492),0.24557838107275148,7,0.3189476700013145,1.5380254467591714,2.758734059923244,0.015858345515418728,0.01462142339627893,0.05494664216703982,0.027213757875163117,Excellent
1,101,2202,1,884,32.32284,-86.310586,011010022021,POINT (-86.310586 32.32284),0.585435633777408,5,0.6327210299981019,0.9898588012213397,3.89387759117011,0.06887676968586609,0.05284090250139994,0.034410182747990535,0.053726033449163574,Excellent
1,101,2300,1,602,32.347302,-86.319184,011010023001,POINT (-86.319184 32.347302),0.6712767486341353,7,0.7952505299971335,1.4934773216414523,2.3348096795588344,0.08226815857787574,0.0726379714088507,0.05327769574149225,0.07068196357625317,Excellent
1,101,2300,2,735,32.340799,-86.320479,011010023002,POINT (-86.320479 32.340799),0.3694241584809862,7,0.5030175899984997,1.405029164523176,2.788431122858248,0.03517853923232224,0.03704224478559555,0.049964082984979105,0.04017331402410129,Excellent
1,101,2300,3,527,32.334569,-86.319249,011010023003,POINT (-86.319249 32.334569),0.34385587423050956,7,0.48614432999821133,1.0179667117749283,3.1778714803845953,0.031189834772098825,0.03498698041253693,0.035463214648301954,0.033610992427091195,Excellent
1,101,2300,4,637,32.330656,-86.320493,011010023004,POINT (-86.320493 32.330656),0.6112675905629938,7,0.8419773299984925,0.7358447569864864,3.4607274809563844,0.07290660759902381,0.07832957619110306,0.024893826446925452,0.06012966383101808,Excellent
1,101,2400,1,798,32.340075,-86.335925,011010024001,POINT (-86.335925 32.340075),0.5122450370729686,9,0.6400460699977089,1.008831559899691,3.320490671309378,0.05745888741181525,0.05373313635201116,0.03512097624817347,0.04963978874478149,Excellent
1,101,2400,2,960,32.346879,-86.332025,011010024002,POINT (-86.332025 32.346879),0.41995443358682355,9,0.43967006999764635,0.7318641901508984,2.7826294352549166,0.04306136514729197,0.02932613651860106,0.024744698896117134,0.033445796683332245,Excellent
1,101,2500,1,1673,32.41724,-86.272741,011010025001,POINT (-86.272741 32.41724),0.43947356694254536,22,0.4636110000002702,2.2177223449387165,3.5746015501172272,0.04610638973763818,0.03224228553138473,0.08041073758463405,0.0522384628298609,Excellent
1,101,2500,2,642,32.41365,-86.27875,011010025002,POINT (-86.27875 32.41365),0.2736178448130034,22,0.29670000000004393,2.0166009930076205,3.1141883216172124,0.020232559013179354,0.011911523617789466,0.07287594772491021,0.03352926500808164,Excellent
1,101,2600,1,954,32.396763,-86.241793,011010026001,POINT (-86.241793 32.396763),1.1271665065211307,44,1.55913711000305,2.266464015839575,4.720774033229556,0.15338789007179215,0.1656839431367163,0.08223679058260518,0.1357313761445133,Excellent
1,101,2600,2,1071,32.385056,-86.234518,011010026002,POINT (-86.234518 32.385056),0.502269796731299,43,0.630294300000287,2.620759758516569,5.080775688073718,0.055902729585469255,0.052545312217871065,0.09551009022798804,0.06677771256794543,Excellent
1,101,2600,3,1457,32.391837,-86.236866,011010026003,POINT (-86.236866 32.391837),0.8912242285140929,43,1.2601953000013708,2.502302980080716,4.979540284628506,0.11658041376941178,0.12927103586784167,0.0910722375365453,0.1127351475290808,Excellent
1,101,2600,4,877,32.386204,-86.22186,011010026004,POINT (-86.22186 32.386204),0.4569386757350168,43,0.6250792800012164,3.494990255861921,5.957717340306354,0.048830982309293405,0.05191009147163146,0.12826217260617248,0.07358407214705855,Excellent
1,101,2600,5,1099,32.391384,-86.224667,011010026005,POINT (-86.224667 32.391384),0.621353609778755,43,0.7888162800021021,3.3288367215505996,5.805548751400208,0.07448004715553436,0.07185424112899283,0.12203741350692413,0.08795951525298884,Excellent
1,101,2700,1,785,32.373036,-86.240332,011010027001,POINT (-86.240332 32.373036),0.9944347767266517,44,1.4061585899980642,2.370549523532434,4.6829888865147336,0.13268146966994068,0.1470502409354754,0.08613623944956111,0.12302853198348723,Excellent
1,101,2700,2,2037,32.370256,-86.228376,011010027002,POINT (-86.228376 32.370256),0.8715647006373425,43,0.9249367199982501,3.212223625595055,5.523199832485794,0.11351348734761173,0.08843452797127263,0.11766863234828381,0.10723634303491163,Excellent
1,101,2700,3,773,32.378228,-86.232822,011010027003,POINT (-86.232822 32.378228),0.4829142957365648,43,0.6816427199981945,2.778540187174948,5.182204991237404,0.05288323197697736,0.058799858063353604,0.1014211601492231,0.06921959825456396,Excellent
1,101,2700,4,754,32.373482,-86.214678,011010027004,POINT (-86.214678 32.373482),1.100492045031906,43,1.5372716999985983,4.069456919010311,6.445826424052889,0.14922661970754608,0.1630206049208824,0.14978393320831287,0.15353200932177702,Excellent
1,101,2800,1,1632,32.341548,-86.2565,011010028001,POINT (-86.2565 32.341548),0.7097888889367795,33,0.9493668600021294,3.2014637102022454,4.397873284677461,0.08827613096636494,0.09141026569936722,0.11726552397309248,0.09791318928828388,Excellent
1,101,2800,2,1387,32.333911,-86.244349,011010028002,POINT (-86.244349 32.333911),0.692665737685511,32,0.8931877499982193,4.030918654257464,5.386099268984893,0.08560488446816701,0.0845673128082718,0.1483401395798244,0.10411418950369566,Excellent
1,101,2800,3,1060,32.332587,-86.257874,011010028003,POINT (-86.257874 32.332587),0.2177222561455287,33,0.23625186000179355,3.7613133808878954,4.7194720078038594,0.011512733246199575,0.00454857724264081,0.13823967505724571,0.04744156898844579,Excellent
1,101,2800,4,869,32.331936,-86.249118,011010028004,POINT (-86.249118 32.331936),0.769194909209707,32,0.8465444400027877,4.007426395084605,5.205960276364076,0.09754359121928868,0.07888587761000534,0.14746002797308508,0.10692120816264261,Excellent
1,101,2901,1,2163,32.319999,-86.243421,011010029011,POINT (-86.243421 32.319999),0.36111602322397585,32,0.49366809000347445,4.9197186009323675,6.041368092430669,0.033882453197329146,0.03590341955292808,0.1816380503248929,0.07881542224227796,Excellent
1,101,2901,2,1150,32.31292,-86.242732,011010029012,POINT (-86.242732 32.31292),0.8117914668793167,32,0.9345780900041873,5.387343177528534,6.415085314544183,0.10418874104250252,0.08960890472362161,0.19915708987023953,0.12830529479515934,Excellent
1,101,2902,1,1066,32.323024,-86.256368,011010029021,POINT (-86.256368 32.323024),0.7162906569387911,33,0.9612224400030058,4.425515629076752,5.261436771767054,0.08929042002756693,0.09285434652295028,0.1631232804845489,0.11250945611327653,Excellent
1,101,2902,2,1230,32.317935,-86.253516,011010029022,POINT (-86.253516 32.317935),0.652427462529611,30,0.6701576699946372,4.8159476594997175,5.653968307657683,0.07932763152410045,0.057400910018061545,0.1777503863362946,0.10227644151594703,Excellent
1,101,2902,3,1579,32.310367,-86.250243,011010029023,POINT (-86.250243 32.310367),0.2763015330981443,30,0.37380266999519307,5.1955168847013935,6.1969510317782674,0.020651219855961224,0.021303091738355262,0.1919705291587864,0.07224257421152698,Excellent
1,101,3000,1,906,32.363073,-86.364646,011010030001,POINT (-86.364646 32.363073),1.1966732025803448,10,1.647238380000239,1.8269149753738085,4.069386860946473,0.16423107633610365,0.17641520677180203,0.06576957006547454,0.13834786358562443,Excellent
1,101,3000,2,775,32.347694,-86.364085,011010030002,POINT (-86.364085 32.347694),0.5924320154145821,10,0.6342935399987795,1.0146690148125557,4.4438172166557255,0.06996821948234984,0.053032443660643365,0.03533967006492505,0.054498921910610454,Excellent
1,101,3000,3,223,32.336653,-86.354258,011010030003,POINT (-86.354258 32.336653),0.8099969335952076,10,0.8925136199993133,0.24365474970361295,4.3411411789040475,0.103908790192292,0.08448519972700963,0.006454470106466187,0.06884541702695955,Excellent
1,101,3100,1,1163,32.321724,-86.286795,011010031001,POINT (-86.286795 32.321724),0.9524189338677959,6,1.0858619700018224,2.6229612852195117,4.2258800993141135,0.1261269125409053,0.10803618959755243,0.09559256800032782,0.1115393922957262,Excellent
1,101,3100,2,1062,32.314197,-86.28631,011010031002,POINT (-86.28631 32.314197),1.2210651978602225,5,1.6386899700018773,2.695781794053,4.727221306720083,0.1680362773192233,0.17537395911037618,0.09832070813199559,0.14932291110040086,Excellent
1,101,3100,3,1211,32.319457,-86.294602,011010031003,POINT (-86.294602 32.319457),0.5511846746444156,5,0.7036019700020759,2.0860395292833323,4.224124622121502,0.06353355024562733,0.06147462655452209,0.07547738598087196,0.06649902385886916,Excellent
1,101,3200,1,671,32.296381,-86.253117,011010032001,POINT (-86.253117 32.296381),0.8362854502352012,30,0.8805552299987554,5.2274656153672066,6.852923563709809,0.10800985237336677,0.08302859602820647,0.1931674531528847,0.12606275570367403,Excellent
1,101,3200,2,1366,32.324226,-86.272341,011010032002,POINT (-86.272341 32.324226),0.9598723868038977,33,1.3388801399975065,3.6269388806921605,4.518897129966024,0.12728966639169373,0.138855321793686,0.13320548245780875,0.1325341078321259,Excellent
1,101,3200,3,858,32.318286,-86.268865,011010032003,POINT (-86.268865 32.318286),1.1086291107158759,33,1.5088961399982281,3.8637272068788993,4.993344029761765,0.15049601854044495,0.15956429134938815,0.14207649621105792,0.15069064368431181,Excellent
1,101,3200,4,970,32.301885,-86.268381,011010032004,POINT (-86.268381 32.301885),1.1057777925422845,30,1.4629773300053799,4.108064251583925,5.992477456203224,0.15005120709337616,0.15397110460124722,0.15123031438660922,0.1515809085337074,Excellent
1,101,3200,5,639,32.309879,-86.260681,011010032005,POINT (-86.260681 32.309879),0.48604567194019166,30,0.572722770001775,4.489089624201818,5.788730185195763,0.053371733047588354,0.04553275421151098,0.16550501016770353,0.0846600225327997,Excellent
1,101,3200,6,1237,32.304962,-86.257777,011010032006,POINT (-86.257777 32.304962),0.36772459867645413,30,0.5189883300050084,4.7535453503514145,6.181986430123161,0.03491340443851506,0.03898757680479033,0.17541255257732571,0.07828540059004083,Excellent
1,101,3301,1,650,32.360071,-86.269263,011010033011,POINT (-86.269263 32.360071),1.4987303527685465,12,1.7977177199984737,1.7413842242913526,2.976344389040138,0.2113526074640906,0.1947444938434445,0.06256525471176985,0.16173396755220054,Excellent
1,101,3301,2,1024,32.358802,-86.262803,011010033012,POINT (-86.262803 32.358802),1.4300611701163233,41,1.8186619799982893,1.9339908723913306,3.416740487427977,0.20064007499841635,0.19729563045823986,0.06978105057374431,0.16037903430896178,Excellent
1,101,3301,3,622,32.355563,-86.250664,011010033013,POINT (-86.250664 32.355563),0.6140642384922477,36,0.8659141200007738,2.5345131103754346,4.274342630199799,0.07334289037653875,0.08124522092698895,0.09227895457973709,0.08139440880263331,Excellent
1,101,3301,4,1174,32.34814,-86.251837,011010033014,POINT (-86.251837 32.34814),0.5582304978109467,36,0.659021760002318,2.9217252720967783,4.423889027024688,0.06463271302147,0.05604448932233292,0.10678543159814576,0.0747020614847316,Excellent
1,101,3303,1,1320,32.343551,-86.242278,011010033031,POINT (-86.242278 32.343551),0.44338927990724664,36,0.5415478799992357,3.545075151429778,5.154460002235337,0.046717248941730745,0.04173546543891188,0.13013854803636202,0.07024910361927447,Excellent
1,101,3303,2,1332,32.340085,-86.233975,011010033032,POINT (-86.233975 32.340085),0.9572274858699718,36,1.3536088799988164,4.0882286594376165,5.772388673906653,0.12687705645476366,0.14064937075542894,0.15048719578119718,0.1380917925428933,Excellent
1,101,3304,1,898,32.352123,-86.230584,011010033041,POINT (-86.230584 32.352123),0.9338867435637607,36,1.0822622399976538,3.6799929752903036,5.65402793554005,0.123235853078359,0.10759772087069873,0.13519309565828022,0.12213158619003728,Excellent
1,101,3304,2,1343,32.353994,-86.237123,011010033042,POINT (-86.237123 32.353994),0.551848330771846,36,0.7601702399974926,3.250416627567042,5.185597606762825,0.06363708195427091,0.06836498146905277,0.11909949108708909,0.08169417454855092,Excellent
1,101,3304,3,1482,32.35269,-86.226213,011010033043,POINT (-86.226213 32.35269),1.20839719699706,37,1.209087000000288,3.898893505458345,5.927314566435978,0.16606004336273214,0.12304573807962396,0.14339396284200623,0.14635592762158192,Excellent
1,101,5101,1,968,32.452586,-86.246323,011010051011,POINT (-86.246323 32.452586),1.5736251345465484,24,2.1274563000003326,4.994568479310244,6.610411672836839,0.2230363460833453,0.2349086325984438,0.18444221855063359,0.21501979377806132,Excellent
1,101,5101,2,1995,32.409304,-86.196477,011010051012,POINT (-86.196477 32.409304),1.1005891822255862,46,1.2873419700025295,5.505028321483801,7.965000612409163,0.14924177330775992,0.13257766325932424,0.2035660341260343,0.16053981853871152,Excellent
1,101,5101,3,641,32.428719,-86.205483,011010051013,POINT (-86.205483 32.428719),1.143934568027966,48,1.2486819600013561,5.517366784748431,7.850392953097643,0.1560037418460608,0.12786864193113137,0.2040282810580396,0.1619705736351756,Excellent
1,101,5102,1,1272,32.431477,-86.285931,011010051021,POINT (-86.285931 32.431477),0.21554842400234903,23,0.29352599999972284,3.3315054216211775,3.9125831757303646,0.011173611000829663,0.01152491136143613,0.12213739341476267,0.0445681358331915,Excellent
1,101,5102,2,1488,32.428554,-86.274504,011010051022,POINT (-86.274504 32.428554),0.7861402651264285,23,1.0723980000007316,3.0015127943173496,4.111994426712152,0.1001871012828879,0.10639619721536314,0.10977458321028297,0.10492607464084898,Excellent
1,101,5102,3,1479,32.423447,-86.293901,011010051023,POINT (-86.293901 32.423447),0.9900863111918101,23,1.3975259999996013,3.0301098486379945,3.201960244495517,0.1320031001828044,0.1459987396446306,0.11084594034290102,0.12985464406938124,Excellent
1,101,5301,1,1154,32.407117,-86.248644,011010053011,POINT (-86.248644 32.407117),1.6658742689425357,44,1.8008441100031902,2.2399583246175543,4.520655905045533,0.23742739908527538,0.1951253069164885,0.08124378406426656,0.17788168692833667,Excellent
1,101,5302,1,828,32.396854,-86.222909,011010053021,POINT (-86.222909 32.396854),1.0177575550104523,43,1.2875482800014595,3.5165799717215287,5.99076614968169,0.1363198706222323,0.13260279305585435,0.12907100752385453,0.1330300884228056,Excellent
1,101,5302,2,1370,32.394597,-86.214953,011010053022,POINT (-86.214953 32.394597),1.1853834872714857,45,1.4593499999989277,4.0244513772559625,6.501990804894986,0.16246985773551414,0.15352927402840827,0.14809785017244395,0.1554760803544613,Excellent
1,101,5402,1,2165,32.398462,-86.198555,011010054021,POINT (-86.198555 32.398462),0.583975942919836,45,0.5945729999995777,5.184837441473498,7.662213957647357,0.06864905493672188,0.04819424341139608,0.1915704355845914,0.099389025673485,Excellent
1,101,5402,2,1774,32.392563,-86.192076,011010054022,POINT (-86.192076 32.392563),0.4708305641581041,45,0.6132030000005884,5.573097214865376,8.046161847312074,0.05099814521984582,0.050463489263798345,0.2061161602200048,0.09737315293307927,Excellent
1,101,5402,3,750,32.390472,-86.201648,011010054023,POINT (-86.201648 32.390472),0.22646603093617804,45,0.25668000000008817,4.9028198901407665,7.373827822772786,0.01287677993642682,0.007036847342528518,0.18100495874365402,0.06156325380042549,Excellent
1,101,5402,4,797,32.384235,-86.193613,011010054024,POINT (-86.193613 32.384235),0.3099962382360915,42,0.43572879000443976,5.443530214707178,7.894800434533487,0.025907662539131775,0.02884606495245748,0.2012620753126933,0.07939550709519794,Excellent
1,101,5403,1,1466,32.376499,-86.204952,011010054031,POINT (-86.204952 32.376499),0.6384733892684435,42,0.8804462099956183,4.698443779944285,7.1072540712102805,0.07715076765205298,0.0830153167372814,0.17334823295152715,0.10776937196746375,Excellent
1,101,5403,2,1310,32.374405,-86.200865,011010054032,POINT (-86.200865 32.374405),0.5491427549861794,42,0.7429292099947205,4.997599194238191,7.394231701742412,0.06321500661679262,0.06626492050164477,0.18455576094624473,0.1005322070810839,Excellent
1,101,5403,3,1129,32.377116,-86.196805,011010054033,POINT (-86.196805 32.377116),0.29830769167059873,42,0.3192926699999532,5.251927773193211,7.668296323070657,0.02408422544954916,0.014663446467451616,0.19408390094405453,0.07225789440327152,Excellent
1,101,5407,1,1700,32.371172,-86.161589,011010054071,POINT (-86.161589 32.371172),1.4010963552416513,38,1.8974910299970418,7.7129652779518985,10.112060292284161,0.19612150483749535,0.20689748202822245,0.28628395955150043,0.22640303440891502,Excellent
1,101,5407,2,1080,32.372885,-86.17898,011010054072,POINT (-86.17898 32.372885),1.3835535072561556,42,1.8411566700003874,6.50769015332044,8.907557725899132,0.19338478479326854,0.2000356187559085,0.24112965494856695,0.20970349602865007,Excellent
1,101,5407,3,1555,32.374012,-86.153597,011010054073,POINT (-86.153597 32.374012),1.6684104797966466,40,1.96424439000171,8.239902215161324,10.654325622234362,0.23782305314820573,0.2150284420559353,0.30602507133837703,0.251445275277576,Good
1,101,5409,1,1281,32.357723,-86.209352,011010054091,POINT (-86.209352 32.357723),0.3494945903917228,37,0.3915750000002518,4.749070069720204,6.960914040301985,0.03206948598693331,0.023467868235903085,0.17524489111922745,0.07244162220131248,Excellent
1,101,5409,2,1044,32.354675,-86.197682,011010054092,POINT (-86.197682 32.354675),0.7723592261300969,37,0.8965169999996192,5.572968047547428,7.792535969715136,0.09803723110885945,0.08497283544685887,0.20611132110875116,0.1265401394102268,Excellent
1,101,5410,1,1171,32.34524,-86.199811,011010054101,POINT (-86.199811 32.34524),0.49071780438196855,34,0.6926054400021684,5.720141749841567,7.819108734014448,0.054100595231953444,0.06013518317868992,0.2116250217129705,0.10316829956027951,Excellent
1,101,5410,2,1016,32.348524,-86.21886,011010054102,POINT (-86.21886 32.348524),0.7579472582820826,37,0.9891840000009893,4.479717527158469,6.499680675783059,0.09578893474791379,0.09626023240854763,0.16515389487791188,0.11673981208510337,Excellent
1,101,5410,3,1379,32.351274,-86.206576,011010054103,POINT (-86.206576 32.351274),0.1765220676627321,37,0.24494999999979683,5.1126029710481795,7.2535465010400655,0.005085419862419722,0.005608062916983933,0.18886425073620355,0.06037586204092413,Excellent
1,101,5410,4,1504,32.349411,-86.214256,011010054104,POINT (-86.214256 32.349411),0.4454999146773496,37,0.610305000000551,4.7132951288423985,6.782010420148808,0.047046512268082236,0.05011049546455036,0.17390462237515764,0.08602314025914529,Excellent
1,101,5411,1,1687,32.344688,-86.155012,011010054111,POINT (-86.155012 32.344688),1.2649914430957667,38,1.7105341499997522,8.572832765589398,10.816203926397826,0.1748888611130935,0.1841250115779325,0.3184979475957778,0.2207424321973505,Excellent
1,101,5411,2,1405,32.353352,-86.142779,011010054112,POINT (-86.142779 32.353352),1.4122281250758475,40,1.9658010299971522,9.214916635300176,11.533569515125455,0.19785808362208906,0.21521805015325945,0.3425529123428649,0.2464745221976729,Excellent
1,101,5412,1,757,32.3569,-86.178142,011010054121,POINT (-86.178142 32.3569),0.539776303790771,38,0.7280638500002468,6.7952467337693685,9.08603606052857,0.06175382113818961,0.0644542304044845,0.25190264541258167,0.1196085912003957,Excellent
1,101,5412,2,2043,32.343599,-86.185114,011010054122,POINT (-86.185114 32.343599),1.1696492341966727,38,1.5934694400020888,6.675066560845248,8.822684657873394,0.1600152821839059,0.169865827057779,0.24740022764542804,0.1891859292845245,Excellent
1,101,5412,3,1290,32.343395,-86.169532,011010054123,POINT (-86.169532 32.343395),0.6922072304208926,38,0.7978711499992244,7.665436067783703,9.863369055915845,0.0855333564002876,0.07295717865899265,0.2845033300590202,0.1414514951755189,Excellent
1,101,5412,4,2291,32.352042,-86.162183,011010054124,POINT (-86.162183 32.352042),0.6283198589841213,38,0.7083091499998204,7.9462935191275745,10.229089633201458,0.07556679623123562,0.062047989339589896,0.29502534503204353,0.13734871880398428,Excellent
1,101,5413,1,1660,32.393266,-86.156766,011010054131,POINT (-86.156766 32.393266),1.887549573710413,46,2.559339029997382,8.005499512673751,10.474623366897672,0.2720091984812413,0.2875145420840478,0.29724343234859774,0.2842310717222902,Good
1,101,5413,2,2313,32.38053,-86.143573,011010054132,POINT (-86.143573 32.38053),1.2235057152714783,40,1.722330390001602,8.901549904722048,11.340308761653576,0.16841700301001142,0.18556186443336392,0.3308129730412247,0.22227925244638114,Excellent
1,101,5414,1,2080,32.401258,-86.1795,011010054141,POINT (-86.1795 32.401258),0.360423567501804,46,0.4392450299972879,6.51313253892427,8.990626049488043,0.03377442869320222,0.029274364094668357,0.24133354792893283,0.09469214508436125,Excellent
1,101,5414,2,1865,32.387752,-86.170527,011010054142,POINT (-86.170527 32.387752),1.464197778938199,46,1.9902960299970829,7.038516071651759,9.49842136020919,0.20596545555703474,0.21820168821828473,0.26101646312839505,0.22615162762681784,Excellent
1,101,5501,1,1906,32.379449,-86.096457,011010055011,POINT (-86.096457 32.379449),1.7645099917473794,39,2.0778266699985366,12.153223610451592,14.590956319236913,0.25281477289709875,0.22886344569389605,0.45263334581524767,0.3055749466115826,Good
1,101,5501,2,1520,32.392981,-86.097368,011010055012,POINT (-86.097368 32.392981),2.678783176056693,39,2.948675669998245,12.096337157675846,14.559128376222604,0.39544325325941476,0.33493808236650957,0.4505021575380468,0.3938093732751329,Good
1,101,5502,1,3195,32.34996,-86.049541,011010055021,POINT (-86.049541 32.34996),2.761194718784141,31,2.904969000000655,15.574071191336474,17.94202611583423,0.40829962190858354,0.3296143475512135,0.5807916314305056,0.43644164245794914,Good
1,101,5503,1,3052,32.345725,-86.077546,011010055031,POINT (-86.077546 32.345725),1.7573724174397365,39,2.249922330001695,13.723448272933911,16.062842117939635,0.2517012967562216,0.2498257303239235,0.5114600827616732,0.3290662626281676,Good
1,101,5503,2,1546,32.352314,-86.088412,011010055032,POINT (-86.088412 32.352314),0.9142387862202028,39,1.0455273300013275,12.90195085108916,15.259324162808138,0.1201707316833218,0.1031231882811651,0.48068358695716146,0.2232103252448267,Excellent
1,101,5503,3,1578,32.349191,-86.124244,011010055033,POINT (-86.124244 32.349191),0.5287631927176439,35,0.5401754699974646,10.525451387314616,12.841790431923524,0.06003575336219096,0.04156829766091158,0.3916506529133297,0.15397998651714875,Excellent
1,101,5504,1,1829,32.344563,-86.025337,011010055041,POINT (-86.025337 32.344563),2.829317161757961,31,3.9071940000000964,17.28209611771151,19.644236561826077,0.4189268618699793,0.4516913697894964,0.6447809034388565,0.4965124267164976,Good
1,101,5604,1,1143,32.289686,-86.037603,011010056041,POINT (-86.037603 32.289686),1.5561600533377202,31,2.0776589999993718,17.493974299048794,19.648145527159574,0.22031175781479465,0.22884302248132726,0.652718686060683,0.35259321568852087,Good
1,101,5604,2,848,32.22081,-86.080075,011010056042,POINT (-86.080075 32.22081),6.554096300995738,31,8.408684999999977,17.458306959030335,19.14720833602199,1.0,1.0,0.6513824484642566,0.8954147345392769,Poor
1,101,5604,3,1550,32.226132,-86.189447,011010056043,POINT (-86.189447 32.226132),5.9154687002244914,29,6.960651000000425,11.400965114827263,13.356219659607572,0.900372792532195,0.8236207649780902,0.4244508100959016,0.7345705895350756,Fair
1,101,5605,1,1675,32.326287,-86.212408,011010056051,POINT (-86.212408 32.326287),1.0861015247695325,34,1.4843445599975382,5.801754303528535,7.53440383132948,0.14698166921367808,0.1565737615005709,0.21468254611822313,0.17016955997110944,Excellent
1,101,5605,2,2037,32.331462,-86.201442,011010056052,POINT (-86.201442 32.331462),0.619907007286738,34,0.7944894600018202,6.143044233642095,8.051870139220014,0.07425437421809544,0.07254526851404883,0.22746859732538943,0.11970590943906964,Excellent
1,101,5606,1,1160,32.332314,-86.222282,011010056061,POINT (-86.222282 32.332314),1.3332148292991253,34,1.7497875599985449,5.027164665347259,6.73699472728401,0.18553184842405504,0.18890631258853763,0.18566339874686416,0.18658365277024255,Excellent
1,101,5606,2,1110,32.339037,-86.220162,011010056062,POINT (-86.220162 32.339037),1.0814020391246482,34,1.1396205599981357,4.810772935827521,6.659603369808814,0.1462485398738728,0.11458430861921157,0.17755652101529432,0.14614166483990088,Excellent
1,101,5606,3,862,32.331869,-86.228416,011010056063,POINT (-86.228416 32.331869),0.9929735278510292,32,1.3607069099963098,4.768962550003732,6.384665224584477,0.13245351186680482,0.14151395342484197,0.1759901409760225,0.14823263306698126,Excellent
1,101,5606,4,1638,32.326274,-86.228217,011010056064,POINT (-86.228217 32.326274),0.8759909897768694,32,0.9883829099959911,5.080519416335689,6.601965398281217,0.11420399747571078,0.09616265483629083,0.18766227570774222,0.13082907815349423,Excellent
1,101,5607,1,824,32.318155,-86.132638,011010056071,POINT (-86.132638 32.318155),1.7098241305811905,35,2.1804945300022496,10.699008386785348,12.807168150133101,0.24428366708616936,0.2413690074478307,0.3981527746778263,0.28957000147216483,Good
1,101,5607,2,1115,32.335081,-86.149464,011010056072,POINT (-86.149464 32.335081),1.7849889232113887,35,2.1735945300015302,9.164217708292147,11.349539952751291,0.25600952794874365,0.24052854602097304,0.3406535329012935,0.2767584348561774,Good
1,101,5607,3,3701,32.327454,-86.138466,011010056073,POINT (-86.138466 32.327454),1.3724914770711083,35,1.9409955300014374,10.067422642423967,12.22553473698282,0.191659085536096,0.21219659132454308,0.3744911106303877,0.25266994480091765,Good
1,101,5608,1,1633,32.321799,-86.112943,011010056081,POINT (-86.112943 32.321799),1.5746765300949548,35,2.1527178900038777,11.844197778610424,14.024503074100009,0.22320036593201031,0.23798564592842347,0.44105603350209616,0.29299265020196,Good
1,101,5609,1,1236,32.327167,-86.182538,011010056091,POINT (-86.182538 32.327167),1.7526218569557765,34,2.395220460002186,7.383127014687749,9.367018695361619,0.250960199637412,0.2675239149104791,0.2739269324256929,0.2628193340558164,Good
1,101,5609,2,1364,32.312591,-86.207783,011010056092,POINT (-86.207783 32.312591),1.8981051306942878,34,2.1102435599984304,6.706091921109108,8.298812732958963,0.2736558868866605,0.23281201752299152,0.24856255858476314,0.2538747275869906,Good
1,101,5609,3,1191,32.308119,-86.19557,011010056093,POINT (-86.19557 32.308119),2.278383272928766,34,2.8103244600018655,7.509374726408077,9.17374469289038,0.3329800522157385,0.3180860743449268,0.27865666384878696,0.31221484234440955,Good
1,101,5609,4,1243,32.332544,-86.190327,011010056094,POINT (-86.190327 32.332544),1.102790609222561,34,1.4867664600023076,6.730430999903669,8.729476092240882,0.1495852004065699,0.1568687634619481,0.2494743953556253,0.18173702780789996,Excellent
1,101,5610,1,1400,32.286358,-86.218959,011010056101,POINT (-86.218959 32.286358),1.5192144701219505,29,2.045221410001197,7.682110296086855,8.87275435569043,0.21454817152505176,0.22489192926816087,0.2851280116511584,0.2388252508858165,Excellent
1,101,5611,1,2006,32.334131,-86.172264,011010056111,POINT (-86.172264 32.334131),1.3237696339800487,38,1.3949129700025509,7.759078273994504,9.86354133022689,0.1840583787016516,0.14568045690267206,0.288011532142114,0.20373094819409646,Excellent
1,101,5611,2,1638,32.321405,-86.173607,011010056112,POINT (-86.173607 32.321405),2.2060818605148085,38,2.3656739700029874,8.116488059173495,10.089442272565138,0.3217008845034729,0.26392497503500467,0.30140149595886156,0.29827829509954906,Good
1,101,5612,1,2131,32.313397,-86.152816,011010056121,POINT (-86.152816 32.313397),2.7585110501260868,35,3.9010785300020245,9.626818097868883,11.625753012101013,0.4078809641276672,0.450946468827185,0.35798434681547825,0.4058316303438659,Good
1,101,5613,1,1769,32.300314,-86.226886,011010056131,POINT (-86.226886 32.300314),0.8485963143535584,29,1.0741002300018465,6.643128072882017,7.803740759065113,0.10993037226969812,0.10660353904948312,0.24620368738289686,0.14981431683759325,Excellent
1,101,5613,2,1464,32.306224,-86.219811,011010056132,POINT (-86.219811 32.306224),1.4594893193095182,29,1.9700652300008983,6.545025214299109,7.8944419713230936,0.20523092625746508,0.21573745531545965,0.24252837187331505,0.21957211865961845,Excellent
1,101,5613,3,1599,32.311065,-86.227255,011010056133,POINT (-86.227255 32.311065),1.276627977788886,29,1.7904582300013487,5.986835110577956,7.286146227824959,0.17670418424456738,0.19386024437668992,0.22161639463701815,0.19532466540193938,Excellent
1,101,5614,1,1943,32.321375,-86.231702,011010056141,POINT (-86.231702 32.321375),0.6637337289643623,32,0.8444392500016704,5.220958045652728,6.601706660855618,0.08109143213406614,0.07862945282856171,0.19292365422340607,0.11390250496921678,Excellent
1,101,5614,2,865,32.315468,-86.236936,011010056142,POINT (-86.236936 32.315468),0.6791274322154462,32,0.8908762500016039,5.394994139822297,6.582820890318659,0.08349288121901244,0.08428575823071609,0.1994437247429403,0.11851599737970189,Excellent
1,101,5700,1,771,32.093655,-86.080687,011010057001,POINT (-86.080687 32.093655),2.41179450184856,27,3.351263759997323,23.01245137281638,25.18041479858813,0.3537924758661971,0.3839757288188657,0.8594623495121294,0.5145484138457774,Fair
1,101,5700,2,646,32.007181,-86.096696,011010057002,POINT (-86.096696 32.007181),4.675246861509659,27,6.436869240000831,26.763733464229126,29.51887055827055,0.7068956576847085,0.7598210018874538,1.0,0.8107045636401196,Poor
1,101,5800,1,656,32.080162,-86.280198,011010058001,POINT (-86.280198 32.080162),4.798876375160378,26,6.325871009997677,16.89360736585078,20.722782255635092,0.7261821138146182,0.7463007510530477,0.6302266003773902,0.7034310509549786,Fair
1,101,5800,2,365,32.07261,-86.196667,011010058002,POINT (-86.196667 32.07261),1.9691868159843067,26,2.784546749999741,19.278801243475396,22.50508700789331,0.2847447746813591,0.3149461945003978,0.7195852610568315,0.4242573465397125,Good
1,101,5800,3,897,31.999486,-86.229784,011010058003,POINT (-86.229784 31.999486),3.745775511580163,26,4.546082249999326,23.126325547807532,26.749899378304033,0.5618962325064413,0.5295117944476092,0.8637285200145121,0.6427305873412129,Fair
1,101,5902,1,1193,32.302496,-86.343461,011010059021,POINT (-86.343461 32.302496),0.5740897283192171,3,0.7704988499999885,1.8084584574325235,5.833745149644609,0.06710678530744556,0.0696230681790889,0.06507811695572491,0.06725306966342237,Excellent
1,101,5902,2,763,32.295352,-86.344538,011010059022,POINT (-86.344538 32.295352),0.49814871514278797,3,0.6745322700001637,2.22763050828203,6.313798649067686,0.055259832457448935,0.05793376256330692,0.08078193600772968,0.06371864255429055,Excellent
1,101,5902,3,1256,32.308451,-86.342924,011010059023,POINT (-86.342924 32.308451),0.8655983061101282,3,1.218446850000582,1.5171482022193752,5.447118939202529,0.11258271763975743,0.12418582400507336,0.05416449920237178,0.09853818401813651,Excellent
1,101,5903,1,886,32.110987,-86.386441,011010059031,POINT (-86.386441 32.110987),4.510479916762439,0,4.545221129997451,15.095566435959123,19.2841267610015,0.681191678451203,0.5294069048613198,0.5628649779746253,0.6001582362312647,Fair
1,101,5903,2,1057,32.176767,-86.32388,011010059032,POINT (-86.32388 32.176767),4.351678212880343,0,4.380059970003259,9.945379594149934,14.011908990965313,0.656418288951914,0.5092892839662885,0.3699189022907181,0.5263297714578676,Fair
1,101,5904,1,1138,32.251209,-86.308086,011010059041,POINT (-86.308086 32.251209),1.2746793995792571,1,1.729534680003475,4.945039554118364,8.832076427141812,0.17640020207197807,0.18643939020928268,0.18258667193802602,0.18126789947298383,Excellent
1,101,5904,2,610,32.231784,-86.368761,011010059042,POINT (-86.368761 32.231784),2.311922887447378,2,3.2506238100025513,6.856472393403534,11.004592094943241,0.3382123004461635,0.3717171786793479,0.25419639729390586,0.3230589929704415,Good
1,101,5904,3,621,32.284947,-86.387826,011010059043,POINT (-86.387826 32.284947),1.7283548207319357,4,2.0014505699978073,4.031225948205123,8.526591630060013,0.2471744925217446,0.21956037816088944,0.14835165200900483,0.20924340605966613,Excellent
1,101,6000,1,715,32.374155,-86.386092,011010060001,POINT (-86.386092 32.374155),1.2758195904823915,19,1.6073577600005393,3.374265574066475,5.4051336665669805,0.1765780741769768,0.17155750781739304,0.12373935541408065,0.1592202886402328,Excellent
1,101,6000,2,463,32.387555,-86.405814,011010060002,POINT (-86.405814 32.387555),1.0092025482122369,19,1.2558717600010496,4.955032168612205,6.77918390048765,0.13498527212360026,0.12874440273778842,0.18296103423043006,0.14750573993990565,Excellent
1,101,6000,3,1265,32.359939,-86.436134,011010060003,POINT (-86.436134 32.359939),1.321449503431161,11,1.8035268300015943,5.718091021834908,8.946137048433664,0.1836964336067837,0.1954520783190223,0.21154819344764084,0.19557865497271243,Excellent
1,101,6000,4,766,32.332126,-86.423928,011010060004,POINT (-86.423928 32.332126),2.355493768560174,11,3.2509522499988392,4.607656258995284,8.638722600612192,0.34500944671252803,0.37175718464281,0.1699469785065473,0.3005150276298184,Good
1,101,6100,1,2062,32.315369,-86.382859,011010061001,POINT (-86.382859 32.315369),0.4307784608103937,4,0.5033391299951973,2.2166853722979813,6.792743190826852,0.044749935457340406,0.03708141028768078,0.0803718885471589,0.05313596383338806,Excellent
