STATEFP,COUNTYFP,TRACTCE,BLKGRPCE,POPULATION,LATITUDE,LONGITUDE,GEOID,min_dist_to_poll_miles,nearest_polling_idx,min_manhattan_dist_miles,min_dist_to_civic_center_miles,dist_to_city_hall_miles,min_dist_to_poll_miles_norm,min_manhattan_dist_miles_norm,min_dist_to_civic_center_miles_norm,accessibility_score,accessibility_category,min_network_dist_miles,nearest_poll_network_idx,driving_to_euclidean_ratio,driving_euclidean_diff_miles,min_walking_dist_miles,nearest_poll_walking_idx,osrm_walking_to_euclidean_ratio,min_google_walking_dist_miles,nearest_poll_google_walking_idx,google_walking_to_euclidean_ratio,osrm_walking_to_driving_ratio,google_to_osrm_walking_ratio,google_walking_to_driving_ratio,route_length_miles,has_sidewalk,sidewalk_segments,total_segments,sidewalk_pct,walkability_score,walkability_category
1,101,100,1,982,32.379105,-86.308949,11010001001,1.2028479814944746,16,1.3147259999997942,0.0713696856236832,0.0713696856236832,0.1651943544330774,0.1359132025234134,0.0,0.1068517025302549,Excellent,1.2882299576223792,16,1.0709831811180512,0.0853819761279046,1.1689885294592814,16,0.9718505974519536,1.154510544695341,16,0.959814176402344,0.9074377773490258,0.9876149471110404,0.896199112483118,1.1685457972051358,True,25,56,44.642857142857146,68.92857142857143,Good
1,101,200,1,900,32.372445,-86.304582,11010002001,0.95878808168873,16,1.237652999999746,0.3431482385046777,0.5205155712455442,0.1271205125835326,0.1265252483863859,0.0101818840450103,0.0918603447628319,Excellent,1.1199000832639467,16,1.1680371342241211,0.1611120015752167,1.086780916400512,16,1.1334943948055196,1.0979656256602086,16,1.1451598602752162,0.9704266770238028,1.0102915951972558,0.9804139155523498,1.0864088375256948,True,20,46,43.47826086956522,68.69565217391305,Good
1,101,200,2,540,32.370889,-86.315858,11010002002,0.7124461916489327,14,0.7417500000020709,0.7935026549961463,0.7935026549961463,0.0886906756059776,0.0661212856447051,0.0270539160698562,0.0634288307567594,Excellent,0.7997067120683014,14,1.1224801556134465,0.0872605204193686,0.7947357301751029,14,1.1155028119888095,0.794114357438453,14,1.11463064403573,0.9937839937839938,0.9992181391712276,0.9930069930069928,0.79446020386985,False,0,16,0.0,40.0,Fair
1,101,300,1,999,32.412411,-86.293391,11010003001,1.0490687069596911,22,1.2464187599969705,2.372561364880268,2.50061772971418,0.1412044741494453,0.1275929705826166,0.0862116108690622,0.1206231640952817,Excellent,1.0458324530552898,22,0.996915117300772,-0.0032362539044012,1.0396187256887917,22,0.9909920282549592,1.112878571339804,22,1.0608252481050937,0.9940585823777552,1.0704679935449166,1.06410789614402,1.0393491896940728,False,0,19,0.0,30.0,Poor
1,101,300,2,262,32.394912,-86.298449,11010003002,0.2319581898851665,20,0.3100142400034542,1.2652663130123147,1.2652663130123147,0.0137335679274191,0.0135332779873003,0.0447280217402689,0.0229718170892384,Excellent,0.2012626294008724,20,0.8676677012374933,-0.0306955604842941,0.2012626294008724,20,0.8676677012374933,0.2112667304609343,20,0.9107965990143494,1.0,1.0497066995986415,1.0497066995986415,0.20118407059611734,False,0,4,0.0,50.0,Fair
1,101,400,1,719,32.409662,-86.281546,11010004001,0.573135282773938,22,0.7164960000006246,1.8060635790470112,2.7796915096781047,0.0669578898568865,0.0630451968225505,0.0649883954756276,0.065193233632208,Excellent,0.900555507226565,21,1.571279127796729,0.327420224452627,0.8914834652714778,21,1.5554503309528511,0.9183889047684144,22,1.6023946394007904,0.9899261712550887,1.0301805255454102,1.019802663354723,0.9131221907523244,False,0,14,0.0,40.0,Fair
1,101,400,2,600,32.407069,-86.281504,11010004002,0.5425909639459475,21,0.6588989400053933,1.638236380836747,2.649032968661626,0.0621929138596637,0.056029529109311,0.0587009344024055,0.0592963045973804,Excellent,0.7191146681248214,21,1.3253347657969088,0.1765237041788738,0.7191146681248214,21,1.3253347657969088,0.7673953297625113,21,1.414316457063149,1.0,1.0671390305020303,1.0671390305020303,0.7189343742120815,False,0,6,0.0,40.0,Fair
1,101,400,3,768,32.404175,-86.280336,11010004003,0.3305501887056021,21,0.3786209400060514,1.4229040088783318,2.5670673434561175,0.0291141207085499,0.0218899859539914,0.0506337443346975,0.0334027673700266,Excellent,0.4638547479090807,21,1.403280844356751,0.1333045592034786,0.4638547479090807,21,1.403280844356751,0.5120111349994408,21,1.548966397521719,1.0,1.1038178164768924,1.1038178164768924,0.46374236974411304,False,0,6,0.0,40.0,Fair
1,101,400,4,492,32.401294,-86.281484,11010004004,0.1831916833222144,21,0.2590439400059452,1.2778194410059875,2.37681229563239,0.0061258935003196,0.0073247894280533,0.0451983108498357,0.0182072874834945,Excellent,0.2951520499086582,21,1.6111651170840413,0.1119603665864437,0.2951520499086582,21,1.6111651170840413,0.3429977506306933,21,1.8723434623797703,1.0,1.1621052631578948,1.1621052631578948,0.29508912599771897,False,0,2,0.0,50.0,Fair
1,101,400,5,718,32.398316,-86.277825,11010004005,0.143923648333343,21,0.1989090599939018,0.9831429376452152,2.4596813758326266,0.0,0.0,0.0341585803184781,0.0102475740955434,Excellent,0.0789143375545254,21,0.5483069562810908,-0.0650093107788176,0.0789143375545254,21,0.5483069562810908,0.154100438689152,21,1.0707096469111068,1.0,1.952755905511811,1.952755905511811,0.07886276193421658,False,0,2,0.0,50.0,Fair
1,101,400,6,520,32.392249,-86.286116,11010004006,0.5497527283909677,18,0.6845579699991688,1.061128602469367,1.7529666083683897,0.0633101637112797,0.0591549530162826,0.037080227328499,0.0541946195879464,Excellent,0.4034573179067195,18,0.7338887049957354,-0.1462954104842481,0.3901599413424136,18,0.7097007821759159,0.3790373693563821,18,0.689468828041581,0.96704142923148,0.971492275840102,0.9394732789157554,0.38999318191201005,True,1,12,8.333333333333332,81.66666666666667,Excellent
1,101,400,7,450,32.387629,-86.282926,11010004007,0.3460658009021353,18,0.4672300500016249,0.7402555816998921,1.819795170153747,0.0315345878374796,0.0326831075498906,0.025059073135079,0.0299364893404827,Excellent,0.3632545018454771,18,1.0496688805959264,0.0171887009433417,0.3646836591397716,18,1.0537986076321402,0.3628816782034871,18,1.0485915604995224,1.003934314060896,0.995058783438405,0.998973657201505,0.36450390373856467,True,1,9,11.11111111111111,82.22222222222223,Excellent
1,101,500,1,1596,32.379782,-86.28537,11010005001,0.4602192619437676,16,0.5942279999999585,0.9608557187553916,1.556450489261706,0.0493427604448461,0.0481522203401039,0.0333236142182601,0.0441798545454476,Excellent,0.8433270781811179,16,1.8324462879264725,0.3831078162373502,0.6963724259634385,16,1.5131318559381062,0.6903451104179353,16,1.500035238643023,0.825744179192455,0.9913446952797358,0.8185971117005599,0.6961364176571322,True,1,16,6.25,71.25,Good
1,101,500,2,661,32.382365,-86.277859,11010005002,0.5257726612734186,18,0.5671710300008286,0.415143280888279,2.085601613132984,0.0595692243611377,0.0448565189474165,0.0128790989856109,0.0411483751243633,Excellent,0.6512607652826624,18,1.238673695405372,0.1254881040092438,0.6445499397268446,18,1.225909955389746,0.6275864640163048,18,1.1936460570169125,0.9896956397290336,0.973681673575629,0.9636485068218682,0.6443458409491593,False,0,13,0.0,40.0,Fair
1,101,500,3,645,32.385643,-86.276811,11010005003,0.3194226227699517,18,0.4133010300015058,0.2998093273566633,2.1919350342951063,0.0273781977406984,0.0261142291305267,0.0085582394885566,0.0213530196820043,Excellent,0.4538506468490189,18,1.420846910946199,0.1344280240790671,0.4555283532379733,18,1.4260992201734095,0.4368250338648142,18,1.3675456987885788,1.003696604600219,0.9589414813804394,0.962486308871851,0.4553288833543894,False,0,9,0.0,50.0,Fair
1,101,600,1,1182,32.374026,-86.292024,11010006001,0.2346370541325671,16,0.2620619999997373,0.5586497209989497,1.1536764344441106,0.0141514762104804,0.0076924072553664,0.0182554096526225,0.0134449355565888,Excellent,0.2677495122224017,16,1.1411220329723644,0.0331124580898345,0.2677495122224017,16,1.1411220329723644,0.2653261585494675,16,1.1307939384525405,1.0,0.9909491761429567,0.9909491761429567,0.26767820518709395,False,0,5,0.0,50.0,Fair
1,101,600,2,581,32.369352,-86.291031,11010006002,0.5334221777597792,15,0.594573000000068,0.7229812789172322,1.3493310961672162,0.0607625645254129,0.0481942434114558,0.0244119104137128,0.0460868719577157,Excellent,0.5608510321001157,16,1.0514205360855633,0.0274288543403364,0.5608510321001157,16,1.0514205360855633,0.5604782084581257,16,1.0507216081865476,1.0,0.9993352537115,0.9993352537115,0.5606618512976146,False,0,10,0.0,40.0,Fair
1,101,700,1,519,32.362934,-86.311954,11010007001,0.3407776776154387,14,0.4622310000027738,1.1475861116237642,1.1570239071219812,0.0307096298257012,0.0320741932463356,0.0403192626522906,0.0340018886998683,Excellent,0.3781053102514074,14,1.1095366131290214,0.0373276326359687,0.3781053102514074,14,1.1095366131290214,0.3784159966197323,14,1.1104483112499162,1.0,1.000821692686935,1.000821692686935,0.37801369941064444,False,0,6,0.0,50.0,Fair
1,101,700,2,478,32.36165,-86.3034,11010007002,0.6906789638211903,15,0.7138657199977345,0.922105684019088,1.2511357336438351,0.0852949436955896,0.0627248129263137,0.0318718868606642,0.0624969874143292,Excellent,0.7895161991872445,15,1.1431015573707874,0.0988372353660541,0.7469521667267327,15,1.08147519448719,0.7667739570258616,15,1.1101741868373618,0.946088462143869,1.0265368937692372,0.971194711160082,0.7468057388844251,True,7,23,30.434782608695656,76.08695652173913,Good
1,101,900,1,618,32.378299,-86.348277,11010009001,0.3855842612585214,17,0.4846560000005766,1.7650069579268302,2.785342384442188,0.0376995482055865,0.0348056928830707,0.0634502544004977,0.0445566034673051,Excellent,0.395441609603937,17,1.0255647061766522,0.0098573483454155,0.3255993140044987,17,0.8444310277130197,0.3933289422993277,17,1.0200855735540868,0.8233815210559396,1.2080152671755726,0.9946574481458204,0.3254896485552046,False,0,11,0.0,50.0,Fair
1,101,900,2,1515,32.389821,-86.353236,11010009002,0.678114282887897,17,0.7027649999999923,2.629324593704041,3.2113797744422237,0.0833348278587603,0.061372678583201,0.0958309623417697,0.0804950234209954,Excellent,1.0431605502876955,17,1.538325584066995,0.3650462673997985,0.791193905576199,17,1.1667559960641558,1.045148943044975,17,1.5412578224926647,0.7584584226828688,1.3209769889264116,1.0019061234214917,0.7908585023604656,True,1,40,2.5,60.5,Good
1,101,1000,2,878,32.360929,-86.34309,11010010002,0.7659034218793284,13,0.8392200900012767,0.5198935532407849,2.734980932698427,0.0970301124865416,0.0779937278053048,0.0168034525281198,0.067251199094644,Excellent,1.488622665191942,13,1.943616678900909,0.7227192433126137,1.4488548100463543,13,1.8916938724353003,1.4645755402835945,13,1.9122196068662365,0.9732854698000584,1.010850452459579,0.9838460575197228,1.4485293919542865,False,0,20,0.0,30.0,Poor
1,101,1100,1,294,32.366283,-86.325275,11010011001,0.6463743454454417,13,0.9138794699987116,1.2983730458357872,1.4931819274272045,0.0783833329205901,0.0870876885349298,0.0459683290093467,0.071270138431519,Excellent,0.7696322716144506,13,1.1906912411322066,0.1232579261690088,0.7696322716144506,13,1.1906912411322066,0.7680167024991612,13,1.1881918085252765,1.0,0.9979008558049411,0.9979008558049411,0.76940329608849,False,0,16,0.0,40.0,Fair
1,101,1100,2,479,32.365514,-86.330903,11010011002,0.4014151729189057,13,0.4724864699982376,0.9888781045223816,1.846054613089148,0.040169202693568,0.0333233710643914,0.0343734420266706,0.0363767250047458,Excellent,0.8567487292927536,13,2.134320740949757,0.4553335563738478,0.7947978674487678,13,1.9799895994697083,0.7319770837734724,13,1.8234913205967604,0.927690745575863,0.920960050035181,0.8543661154627212,0.7945377175684876,False,0,13,0.0,40.0,Fair
1,101,1100,3,394,32.361711,-86.330681,11010011003,0.1615082753038726,13,0.2253974699989385,0.8098539200384459,1.9810068497717823,0.0027432376510523,0.003226447371841,0.0276664981992593,0.010365178731751,Excellent,0.2374886599475561,13,1.4704426723691333,0.0759803846436835,0.2374886599475561,13,1.4704426723691333,0.2367430126635764,13,1.4658258978875978,1.0,0.9968602825745684,0.9968602825745684,0.23744225717020376,False,0,6,0.0,50.0,Fair
1,101,1100,4,335,32.356395,-86.32922,11010011004,0.3058698025785407,13,0.4306559099984994,0.7388106329931271,2.153655944023436,0.0252639301654277,0.0282281577107725,0.0250049397237877,0.0260755012965392,Excellent,0.3689089937489903,13,1.206098119654236,0.0630391911704496,0.3671070128127058,13,1.2002067864101778,0.3672312873600358,13,1.2006130852545955,0.9951153781371062,1.0003385240352063,0.9954522486104092,0.36698463173418067,False,0,11,0.0,50.0,Fair
1,101,1100,5,396,32.354823,-86.325613,11010011005,0.5616575547084514,13,0.78800690999838,0.9729530894018436,2.0789140274909834,0.0651673408830271,0.0717556550031793,0.0337768288809551,0.0577266815184511,Excellent,0.7572048168814545,13,1.348161011160099,0.1955472621730031,0.6723253010550909,13,1.1970377597860065,0.6717039283184412,13,1.1959314402298271,0.8879041523059249,0.9990757855822552,0.8870835384867882,0.6721831430118245,False,0,17,0.0,40.0,Fair
1,101,1100,6,786,32.355658,-86.336614,11010011006,0.4259042672494931,13,0.6016365300010804,0.2355029739937058,2.5614174944239227,0.0439895513265204,0.0490546237741636,0.006149072810913,0.0341569295061311,Excellent,0.5556315011122572,13,1.3045924726243008,0.1297272338627641,0.5489828128301043,13,1.2889817150118204,0.5555072265649272,13,1.3043006827623853,0.9880339968687096,1.0118845500848896,0.9997763363900692,0.5488209509780158,True,4,11,36.36363636363637,77.27272727272728,Good
1,101,1200,1,262,32.355227,-86.314374,11010012001,0.3918791794660898,14,0.5011897799987608,1.660393217284794,1.7136999872222631,0.0386815682772227,0.0368196065536759,0.0595310158680944,0.0443778140374202,Excellent,0.5561907365752421,14,1.419291367642997,0.1643115571091523,0.5561907365752421,14,1.419291367642997,0.5573713447748767,14,1.422304051810712,1.0,1.00212266785834,1.00212266785834,0.5560410433494124,False,0,14,0.0,40.0,Fair
1,101,1200,2,876,32.362324,-86.317695,11010012002,0.1548371160536692,14,0.2176522200013337,1.3462740298993232,1.3462740298993232,0.0017025232098535,0.0022830294205834,0.0477628866012048,0.0156947840904779,Excellent,0.2019461394111872,14,1.3042489072270578,0.0471090233575179,0.2019461394111872,14,1.3042489072270578,0.2013247666745374,14,1.300235833666359,1.0,0.9969230769230768,0.9969230769230768,0.20188540382143771,False,0,5,0.0,50.0,Fair
1,101,1200,3,317,32.355867,-86.318857,11010012003,0.3698094088967792,14,0.5016989999967691,1.4427593737064863,1.7786931537781243,0.0352386390824616,0.036881632606729,0.0513776037018498,0.0405732265255583,Excellent,0.4767171635577318,14,1.2890887903038524,0.1069077546609525,0.4750394571687772,14,1.284552111818685,0.4778356344837014,14,1.2921132426272972,0.9964807090719496,1.0058862001308049,1.0023461939520333,0.47492784873615046,True,3,13,23.076923076923077,84.61538461538461,Excellent
1,101,1300,1,1020,32.355389,-86.304777,11010013001,0.7175321928653267,8,0.949052909999196,1.36427649061683,1.6578942459907986,0.089484102162793,0.0913720247040918,0.0484373289573343,0.077736446963545,Excellent,0.9555469944200728,8,1.3317130630812255,0.2380148015547462,0.955360582599078,8,1.3314532673217483,0.9662346054904496,8,1.346608019957931,0.9998049161139292,1.0113821138211383,1.011184809468071,0.9550732899815887,False,0,16,0.0,40.0,Fair
1,101,1300,2,1074,32.347924,-86.307513,11010013002,0.1749222051722176,8,0.2451839099990493,1.9103925030593751,2.1589166583370987,0.0048358380528174,0.0056365545592603,0.0688969636668039,0.0242943906889462,Excellent,0.2166726732697876,8,1.238680206760857,0.0417504680975699,0.2166726732697876,8,1.238680206760857,0.2255583034038798,8,1.2894778177636683,1.0,1.0410094637223974,1.0410094637223974,0.21655609891661837,False,0,4,0.0,50.0,Fair
1,101,1400,1,792,32.355633,-86.286891,11010014001,0.2785122195343932,12,0.393847860002495,1.5948178986865729,2.179890923640542,0.0209960914461719,0.0237447162301543,0.0570743088060252,0.0326441440893226,Excellent,0.3911541377210534,12,1.4044415658852274,0.1126419181866602,0.3909677259000584,12,1.4037722529864731,0.3405122596840941,12,1.222611561723756,0.9995234312946782,0.8709472345835982,0.8705321683876092,0.3908867124851837,False,0,6,0.0,50.0,Fair
1,101,1400,2,1139,32.34896,-86.28823,11010014002,0.2804494810264038,12,0.3633581399973238,1.9495479595282803,2.4904685692857336,0.0212983081877453,0.0200308852769129,0.0703638797029284,0.0356377527690505,Excellent,0.4476990567561857,12,1.5963625788062543,0.1672495757297818,0.3884822349534592,12,1.3852128858704655,0.5828476269775188,12,2.0782624551287534,0.867730742539903,1.5003198976327576,1.301873698820264,0.38836197023154917,False,0,5,0.0,40.0,Fair
1,101,1400,3,1131,32.352186,-86.297267,11010014003,0.5227891180221514,12,0.5599391399976525,1.5588706328250552,2.0043080580547876,0.0591037855324303,0.0439756313256319,0.0557275840963039,0.0535524788395529,Excellent,0.4683907688866243,12,0.8959459038831367,-0.0543983491355271,0.4683907688866243,12,0.8959459038831367,0.7642884660792624,12,1.4619440989337469,1.0,1.6317325550543913,1.6317325550543913,0.46831127789343263,False,0,8,0.0,40.0,Fair
1,101,1400,4,493,32.357737,-86.29382,11010014004,0.2950408034409756,15,0.3228427199975598,1.2416150142493234,1.7725074357443305,0.0235745842266616,0.0150958638712332,0.043841951890511,0.0271111784191879,Excellent,0.5812320578622292,12,1.9700056774638888,0.2861912544212536,0.507847937663887,15,1.7212803508565708,0.5151179986826898,15,1.7459212172520462,0.8737438528971563,1.0143154288510952,0.8862518708573873,0.5077149059891739,True,5,14,35.714285714285715,77.14285714285714,Good
1,101,1500,1,1060,32.357476,-86.27282,11010015001,1.210330953609828,12,1.4919138600026471,1.9061838845024344,2.848602768958216,0.1663617133359995,0.1574957476863599,0.0687392924095166,0.1344151973631628,Excellent,1.6510494985522015,15,1.3641306071103318,0.4407185449423736,1.6292393154957934,15,1.3461105911871176,1.945518038450545,15,1.6074264916120768,0.9867901095178956,1.1941266209000765,1.1783523390162207,1.6288887563611634,True,5,40,12.5,62.5,Good
1,101,1500,2,644,32.361251,-86.28078,11010015002,0.8510074552493333,12,0.9216247199982774,1.6203371547187773,2.2455289450018947,0.1103065151641915,0.0880311064864263,0.0580303596168065,0.0879410458966464,Excellent,1.0992705084071732,15,1.291728411574376,0.2482630531578399,0.868244124920775,15,1.0202544285189503,0.8736500677296284,15,1.026606832103088,0.7898366400994855,1.0062262935661634,0.7947543948900571,0.8680565377755936,True,5,19,26.31578947368421,75.26315789473685,Good
1,101,1500,3,2408,32.363839,-86.295351,11010015003,0.1855814909926727,15,0.2623462800016867,0.8115999339837365,1.3700408318448627,0.006498708368179,0.0077270342663868,0.027731910688006,0.0132371668335894,Excellent,0.4987758957087999,15,2.6876381531415383,0.3131944047161271,0.282911006996657,15,1.5244570214592528,0.2168590850907825,15,1.1685383274528425,0.5672106640089697,0.7665275642433559,0.434782608695652,0.2828267807120702,True,11,14,78.57142857142857,95.71428571428572,Excellent
1,101,1600,1,784,32.378588,-86.266627,11010016001,0.730984398796291,41,0.7444327199994945,0.6050724566138435,2.8495402204235405,0.0915826737083468,0.0664480570471194,0.0199945862950487,0.0625658624859892,Excellent,1.357015919569513,41,1.856422547189934,0.6260315207732221,1.1784955323300237,41,1.6122033989653506,1.256415673505909,41,1.7187995743477475,0.8684463574339485,1.0661183169882946,0.925866568982096,1.178043687859129,False,0,15,0.0,30.0,Poor
1,101,1600,2,1351,32.36978,-86.276672,11010016002,1.1564646684719195,16,1.517439030001036,1.0955756988108274,2.252152393920411,0.1579584630560658,0.1606048666422141,0.0383707498399999,0.1228760701670905,Excellent,1.3965352256204409,16,1.2075900489599354,0.2400705571485213,1.385785477276399,16,1.1982946950791755,1.3856612027290691,16,1.19818723434067,0.99230255839822,0.9999103219442204,0.9922135706340376,1.3853583314798736,False,0,28,0.0,30.0,Poor
1,101,1600,3,1141,32.374988,-86.279077,11010016003,0.8799685350926955,16,1.0305150000000864,0.8323284213298233,2.0113753665120613,0.1148245026526148,0.1012945963547903,0.0285084806283086,0.0848707241559756,Excellent,1.035890489268893,16,1.1771903743805712,0.1559219541761974,1.035641940174233,16,1.1769079221283054,1.0327214883119789,16,1.1735891081641827,0.99976006238378,0.997180056398872,0.9969407953931976,1.035302171108479,True,1,25,4.0,60.8,Good
1,101,1600,4,554,32.377926,-86.272316,11010016004,0.9330318760561448,18,1.1555029799978271,0.4951687878409977,2.45827301579571,0.1231024920046505,0.1165188827313133,0.0158771664335325,0.0889598115513139,Excellent,1.3209763008438242,18,1.415789036519836,0.3879444247876794,1.340735953869288,18,1.4369669335805306,1.193035654367629,18,1.2786654829098665,1.0149583705724634,0.8898363998702322,0.903146902488358,1.340260771197522,True,5,38,13.157894736842104,62.63157894736842,Good
1,101,1700,1,1085,32.374791,-86.248557,11010017001,0.5726591999919072,41,0.7175385899971687,1.79869478720747,4.107380155783559,0.0668836199724657,0.0631721905437145,0.064712331808106,0.0651188046945324,Excellent,1.0282476046081002,44,1.7955663763415155,0.455588404616193,0.9908409658617818,44,1.7302454337165707,0.9705842146469982,41,1.6948722986738265,0.9636209813874788,0.9795560015050796,0.9439207154943196,1.031621733025981,False,0,11,0.0,40.0,Fair
1,101,1700,2,609,32.362839,-86.248042,11010017002,0.9460001381541806,36,1.1870401200009226,2.2819562130952584,4.283218850762074,0.1251255673258198,0.1203602957288855,0.0828171886838816,0.1110034722541581,Excellent,1.273503423763779,36,1.3461979257726295,0.3275032856095984,1.2670411473026209,36,1.3393667677204044,1.2744354828687536,36,1.3471831889532389,0.9949255916077092,1.005835907998627,1.0007318858258112,1.2666350143361278,False,0,44,0.0,30.0,Poor
1,101,1700,3,1498,32.364283,-86.258176,11010017003,0.9846176836767596,41,1.1212099799981203,1.7435638726079203,3.5835393395720088,0.1311499831434717,0.1123417894403018,0.0626469128344691,0.10495660393982,Excellent,1.17433233499447,41,1.1926784928433114,0.1897146513177104,1.1741459231734748,41,1.192489168779682,1.2340462549865163,41,1.2533253012258936,0.999841261442404,1.0510160880609654,1.0508492512831364,1.1737733580058167,False,0,14,0.0,30.0,Poor
1,101,1700,4,1297,32.376159,-86.259864,11010017004,0.3058297569182888,41,0.4182379799971798,1.0680744826542163,3.3225400397674885,0.0252576829608013,0.0267155792808537,0.0373404470768308,0.0293198810916259,Excellent,0.5144966259460401,41,1.6822974687956955,0.2086668690277512,0.5144966259460401,41,1.6822974687956955,0.5741484086644215,41,1.8773464506850517,1.0,1.115942028985507,1.115942028985507,0.5143293792233561,False,0,5,0.0,40.0,Fair
1,101,1700,5,980,32.376189,-86.253552,11010017005,0.228998279400713,41,0.3232732800008264,1.4447760129599458,3.7571788516469873,0.0132718158585065,0.0151483086646616,0.051453154869599,0.0252891654036808,Excellent,0.3386481414741447,41,1.478823956059341,0.1096498620734316,0.3386481414741447,41,1.478823956059341,0.2789963587557632,41,1.2183338647167778,1.0,0.8238532110091742,0.8238532110091742,0.3385570280299191,False,0,4,0.0,50.0,Fair
1,101,1800,1,999,32.39964,-86.264009,11010018001,1.0744256549143063,21,1.0878250199990234,1.161802405850458,3.341738330387063,0.1451602097167366,0.1082753008731275,0.0408518604523433,0.1028022322843359,Excellent,1.862067679918476,21,1.7330819227943606,0.7876420250041698,1.8354107895161993,21,1.7082715598992164,1.6640361887481825,21,1.548768107999899,0.9856842526779456,0.9066287494075428,0.8936496813161143,1.8348101873688731,False,0,25,0.0,30.0,Poor
1,101,1800,2,1116,32.391625,-86.268629,11010018002,0.6896895768300657,18,0.7949869499983677,0.5234925275735904,2.8431976483288137,0.0851405973082557,0.0726058657824984,0.0169382841362402,0.0609194838989239,Excellent,1.0086122261299664,18,1.462414773274848,0.3189226492999006,1.010227795245256,18,1.464757231635195,1.006623833372687,18,1.4595317476005751,1.0016017742730412,0.9964325255258948,0.9980285855101034,1.0097944074361616,False,0,16,0.0,30.0,Poor
1,101,1800,3,1260,32.386239,-86.265845,11010018003,0.8668385971928481,41,1.1288310300011375,0.4658718636124132,2.9434080672963066,0.1127762055768108,0.1132700790865368,0.0147795894459123,0.0835253827904591,Excellent,1.1116358258665044,41,1.2824023174168786,0.2447972286736564,1.10871537400425,41,1.2790332336316017,1.1277915170193993,44,1.301039802186492,0.9973728339854664,1.0172056268564706,1.014533258803801,1.1373051510221777,False,0,20,0.0,30.0,Poor
1,101,1900,1,868,32.399366,-86.254102,11010019001,1.1494978585241449,44,1.3607414100025963,1.6063892948965532,3.965334284906661,0.1568716265034058,0.1415181557327415,0.057507818415963,0.1224564428459737,Excellent,1.7228180496352543,44,1.4987570762830325,0.5733201911111094,1.4905489206755569,44,1.2966956916207673,1.492537313432836,44,1.2984254841058371,0.8651806968188706,1.0013340003334998,0.8663348481569646,1.4899778071154393,False,0,18,0.0,30.0,Poor
1,101,1900,2,726,32.388458,-86.248359,11010019002,0.4055849849878566,44,0.5330381100035808,1.6817666063532717,4.158953593059942,0.0408197018758668,0.0406989243618056,0.0603317463408901,0.0466370819611554,Excellent,0.6037878882026173,44,1.4886840256689853,0.1982029032147607,0.4961661302148707,44,1.2233345626187966,0.4939913256365963,44,1.2179724198897222,0.8217556859112894,0.9956167814652472,0.8181537511577646,0.49599371956457106,False,0,8,0.0,50.0,Fair
1,101,1900,3,648,32.38887,-86.253518,11010019003,0.4459306055767251,44,0.5962214100021228,1.335340269542852,3.812456497357269,0.0471137009262842,0.0483950296465614,0.0473532653159878,0.0475699688592784,Excellent,0.7513639131569464,44,1.684934614849327,0.3054333075802213,0.7477599512843776,44,1.6768527253636123,0.7512396386096164,44,1.6846559290049918,0.9952034402911016,1.0046534818015622,0.9998346013893484,0.7474706145690705,False,0,11,0.0,40.0,Fair
1,101,1900,4,868,32.397126,-86.249219,11010019004,0.975791286395092,44,1.0717901100033842,1.8080496955991672,4.234818693377143,0.1297730471762319,0.1063221525639878,0.0650628031440015,0.1033247055828895,Excellent,1.3218462226751342,44,1.3546403222747436,0.3460549362800421,1.2688431282389054,44,1.3003222573614563,1.2688431282389054,44,1.3003222573614563,0.9599022234757671,1.0,0.9599022234757671,1.2683634381933966,False,0,18,0.0,30.0,Poor
1,101,2000,1,1492,32.338892,-86.265492,11010020001,0.549421784094683,33,0.7632255599973092,3.2248117794079003,4.038520137672722,0.0632585357264785,0.0687371377888042,0.1181402336615753,0.0813666257257053,Excellent,0.7015298196776318,33,1.2768511187331002,0.1521080355829488,0.6459790970211391,33,1.1757435102169451,0.7779586662855581,33,1.4159589022620385,0.920814880425155,1.204309349749904,1.1089459698848538,0.6457539359693533,False,0,8,0.0,40.0,Fair
1,101,2000,2,1468,32.333568,-86.275806,11010020002,1.024160445117811,33,1.107535559997757,3.2902391239938695,3.8507324008243144,0.1373187345303205,0.1106761629846846,0.1205913970403095,0.1243077618196264,Excellent,1.3482545639827508,6,1.316448580307804,0.3240941188649398,1.2596468117364883,33,1.2299311282145726,1.3477574657934308,6,1.3159632089075612,0.9342796571112544,1.0699486977111283,0.9996313024241864,1.3436939140097495,False,0,17,0.0,30.0,Poor
1,101,2000,3,1133,32.346434,-86.274689,11010020003,1.1242765276480962,12,1.4719811399972969,2.6174952211986917,3.2205823264833184,0.1529370474768061,0.1550678227160549,0.0953877879341577,0.1363115021857862,Excellent,1.23808517777474,12,1.1012283431414538,0.1138086501266437,1.1788683559720134,12,1.0485572961646006,1.6572010886450348,12,1.4740155539062776,0.9521706398996236,1.4057558507273875,1.3385194479297366,1.1783424043095059,False,0,15,0.0,30.0,Poor
1,101,2000,4,657,32.349351,-86.26699,11010020004,1.2462355380896597,33,1.5882585599979675,2.4958084044776405,3.495805026361906,0.1719629017010148,0.1692311105877803,0.0908289254171337,0.1468031714818801,Excellent,1.644649359364709,33,1.3196938372386438,0.3984138212750492,1.4915431170541962,33,1.196838857075578,2.8465085065927647,6,2.2840854875284213,0.9069064530754116,1.908431928011998,1.7307692307692304,2.8179767133456295,False,0,31,0.0,20.0,Poor
1,101,2100,1,833,32.338882,-86.28592,11010021001,0.7162366678739613,6,0.9930197100006596,2.6516547599875113,3.1697578531211335,0.0892819976234047,0.0967274449156489,0.0966675374187724,0.0937312937496883,Excellent,0.8231324642399991,6,1.1492464727941694,0.1068957963660377,0.8231324642399991,6,1.1492464727941694,3.515105571227957,30,4.907743109078747,1.0,4.270400845474447,4.270400845474447,3.6995646761121104,False,0,60,0.0,10.0,Very Poor
1,101,2100,2,1585,32.330458,-86.289605,11010021002,0.3887585788522127,6,0.5267453100030934,2.5164134348372493,3.5934340994053824,0.0381947482205772,0.0399324235405319,0.0916008701774597,0.0547378874036284,Excellent,0.5150558614090248,6,1.3248733003647084,0.1262972825568121,0.4819988318192551,6,1.239841017122577,0.4803211254303006,6,1.2355254689129205,0.9358185547110628,0.9965192729147864,0.9325612257208348,0.481787056663356,False,0,5,0.0,50.0,Fair
1,101,2100,3,1468,32.339216,-86.294199,11010021003,0.4204307674657289,6,0.4448147100006991,2.4607929389475025,2.9174729750926023,0.043135674203337,0.0299527845587726,0.0895171095801938,0.0530952379230247,Excellent,0.4640411597300757,6,1.1037278801625805,0.0436103922643468,0.4640411597300757,6,1.1037278801625805,0.4666509252240049,6,1.109935241031197,1.0,1.005623995715051,1.005623995715051,0.463853136677992,False,0,6,0.0,50.0,Fair
1,101,2201,1,810,32.341066,-86.303322,11010022011,0.5176522200179856,8,0.7295114700038283,2.032834199446586,2.6509889258050503,0.058302418972977,0.0646305592122571,0.0734841069188133,0.0647553674285119,Excellent,0.6586551008487952,8,1.2723892130239691,0.1410028808308095,0.6319982104465185,8,1.2208934609119613,0.6393925460126512,8,1.2351778303789285,0.9595283018867924,1.0116999311768753,0.970754716981132,0.6316875571573007,False,0,9,0.0,40.0,Fair
1,101,2201,2,206,32.33566,-86.301926,11010022012,0.5371005838778034,6,0.6823416899967043,1.87836893693324,3.033278404943641,0.0613364033777091,0.0588849968057038,0.0676972360446364,0.0625092312061857,Excellent,0.8101457740440181,6,1.5083688202214574,0.2730451901662147,0.8024407521095606,6,1.4940232354916323,0.8040563212248499,6,1.497031180676918,0.9904893388556528,1.002013318878736,0.9924835097407576,0.802078724683919,False,0,17,0.0,40.0,Fair
1,101,2201,3,826,32.331144,-86.303473,11010022013,0.6291913259247239,5,0.714900029998006,1.6325179306411608,3.330718099984494,0.0757027468503255,0.0628507980942196,0.0584866989662704,0.0666823478582772,Excellent,0.7723041743820449,6,1.2274552152272409,0.1431128484573209,0.7595660332807239,6,1.207209956628674,1.1147426895497534,5,1.7717070207721213,0.9835063158741654,1.4676047120418847,1.4433985034998793,1.1313829296339344,False,0,33,0.0,30.0,Poor
1,101,2201,4,945,32.330424,-86.311966,11010022014,0.5971194694367962,7,0.8002544100017772,1.1027446333814843,3.3777906188856632,0.0706994718644938,0.0732474740361099,0.0386393260751403,0.0618458287791726,Excellent,0.7821840008947768,7,1.3099288181518076,0.1850645314579806,0.7609951905750184,7,1.274443774698537,1.3135819652776914,8,2.1998645706807443,0.972910708611376,1.7261370131460765,1.6793771846202732,1.3020774132817907,False,0,18,0.0,30.0,Poor
1,101,2201,5,967,32.339492,-86.312504,11010022015,0.2455783810727514,7,0.3189476700013145,1.5380254467591714,2.758734059923244,0.0158583455154187,0.0146214233962789,0.0549466421670398,0.0272137578751631,Excellent,0.27334186685225,7,1.1130534603991618,0.0277634857794985,0.27334186685225,7,1.1130534603991618,0.3871152149328296,7,1.5763407725134753,1.0,1.4162309615821778,1.4162309615821778,0.27318319908543987,False,0,4,0.0,50.0,Fair
1,101,2202,1,884,32.32284,-86.310586,11010022021,0.585435633777408,5,0.6327210299981019,0.9898588012213396,3.89387759117011,0.068876769685866,0.0528409025013999,0.0344101827479905,0.0537260334491635,Excellent,0.4936185019946065,5,0.8431644292125343,-0.0918171317828015,0.4936185019946065,5,0.8431644292125343,0.5561285993015771,5,0.9499397836671932,1.0,1.1266364551863042,1.1266364551863042,0.49344480978671096,False,0,7,0.0,40.0,Fair
1,101,2300,1,602,32.347302,-86.319184,11010023001,0.6712767486341353,7,0.7952505299971335,1.4934773216414523,2.3348096795588344,0.0822681585778757,0.0726379714088507,0.0532776957414922,0.0706819635762531,Excellent,0.7986503784159966,7,1.189748311767139,0.1273736297818613,0.7986503784159966,7,1.189748311767139,1.8113015273341868,9,2.698293261340707,1.0,2.267953007080059,2.267953007080059,1.9290742811824406,False,0,65,0.0,30.0,Poor
1,101,2300,2,735,32.340799,-86.320479,11010023002,0.3694241584809862,7,0.5030175899984997,1.405029164523176,2.788431122858248,0.0351785392323222,0.0370422447855955,0.0499640829849791,0.0401733140241012,Excellent,0.4160090471870456,7,1.1261013597421703,0.0465848887060594,0.4145177526190861,7,1.1220645512830498,0.5300309443622852,7,1.434749006512429,0.9964152352501868,1.2786688652375957,1.274085138162808,0.4143379504921217,False,0,5,0.0,40.0,Fair
1,101,2300,3,527,32.334569,-86.319249,11010023003,0.3438558742305095,7,0.4861443299982113,1.0179667117749285,3.1778714803845953,0.0311898347720988,0.0349869804125369,0.0354632146483019,0.0336109924270911,Excellent,0.4139585171561013,7,1.2038721690663845,0.0701026429255918,0.4139585171561013,7,1.2038721690663845,3.592777163309183,10,10.448497270402031,1.0,8.679075352746922,8.679075352746922,3.6741292317454084,True,1,93,1.0752688172043012,40.215053763440864,Fair
1,101,2300,4,637,32.330656,-86.320493,11010023004,0.6112675905629938,7,0.8419773299984925,0.7358447569864864,3.4607274809563844,0.0729066075990238,0.078329576191103,0.0248938264469254,0.060129663831018,Excellent,0.6997899760150125,7,1.144817730922863,0.0885223854520186,0.6997899760150125,7,1.144817730922863,0.7574533659761145,7,1.239151850466143,1.0,1.082400994494761,1.082400994494761,0.6995256763301572,False,0,10,0.0,40.0,Fair
1,101,2400,1,798,32.340075,-86.335925,11010024001,0.5122450370729686,9,0.6400460699977089,1.008831559899691,3.320490671309378,0.0574588874118152,0.0537331363520111,0.0351209762481734,0.0496397887447814,Excellent,0.8160488150421912,9,1.593082911462051,0.3038037779692225,0.807038910360769,9,1.5754938592910317,0.8102700485913481,9,1.5818016573109837,0.988959110637326,1.0040036957191254,0.9929186019949746,0.8067199562680987,False,0,13,0.0,40.0,Fair
1,101,2400,2,960,32.346879,-86.332025,11010024002,0.4199544335868235,9,0.4396700699976463,0.7318641901508984,2.782629435254917,0.0430613651472919,0.029326136518601,0.0247446988961171,0.0334457966833322,Excellent,0.9560440926093928,9,2.2765424440071675,0.5360896590225693,0.7956677892800776,9,1.8946526709678784,0.7792014117588577,9,1.8554427562621785,0.8322500974912258,0.9793049590003904,0.8150266476017157,0.7952919190953256,True,2,21,9.523809523809524,71.9047619047619,Good
1,101,2500,1,1673,32.41724,-86.272741,11010025001,0.4394735669425453,22,0.4636110000002702,2.2177223449387165,3.5746015501172272,0.0461063897376381,0.0322422855313847,0.080410737584634,0.0522384628298609,Excellent,0.5217666869648427,22,1.187253856005078,0.0822931200222974,0.3879851367641393,22,0.8828406665351562,0.3908434513527284,22,0.8893446176339098,0.7435989043706085,1.007367072389494,0.7490770513278551,0.38786385763068343,False,0,12,0.0,50.0,Fair
1,101,2500,2,642,32.41365,-86.27875,11010025002,0.2736178448130034,22,0.2967000000000439,2.0166009930076205,3.1141883216172124,0.0202325590131793,0.0119115236177894,0.0728759477249102,0.0335292650080816,Excellent,0.4565225496166131,22,1.668467748982567,0.1829047048036097,0.4565225496166131,22,1.668467748982567,0.4579517069109076,22,1.6736909364368473,1.0,1.00313052946781,1.00313052946781,0.45638811173485355,False,0,10,0.0,50.0,Fair
1,101,2600,1,954,32.396763,-86.241793,11010026001,1.1271665065211307,44,1.55913711000305,2.266464015839575,4.720774033229556,0.1533878900717921,0.1656839431367163,0.0822367905826051,0.1357313761445133,Excellent,1.4651969130202445,44,1.2998939416168471,0.3380304064991137,1.3932419501161966,44,1.2360569108962234,21.270831520996182,0,18.87106421095331,0.95089058524173,15.267148336455268,14.517387616624257,21.316959192522905,True,33,339,9.734513274336283,31.946902654867255,Poor
1,101,2600,2,1071,32.385056,-86.234518,11010026002,0.502269796731299,43,0.630294300000287,2.620759758516569,5.080775688073718,0.0559027295854692,0.052545312217871,0.095510090227988,0.0667777125679454,Excellent,0.8970758199013261,43,1.7860437273739511,0.3948060231700271,0.5717871922651522,43,1.138406481907259,0.7412976748232195,-1,1.4758953846069984,0.6373900394818868,1.2964572918930668,0.8263489644663018,11.093879801794806,False,0,101,0.0,40.0,Fair
1,101,2600,3,1457,32.391837,-86.236866,11010026003,0.8912242285140929,43,1.2601953000013708,2.502302980080716,4.979540284628506,0.1165804137694117,0.1292710358678416,0.0910722375365453,0.1127351475290808,Excellent,1.1945269489355883,43,1.340321448539591,0.3033027204214954,1.1945269489355883,43,1.340321448539591,3.53747498974735,36,3.969231172771479,1.0,2.9614024136496053,2.9614024136496053,3.55111755698021,True,2,114,1.7543859649122806,40.35087719298245,Fair
1,101,2600,4,877,32.386204,-86.22186,11010026004,0.4569386757350168,43,0.6250792800012164,3.494990255861921,5.957717340306354,0.0488309823092934,0.0519100914716314,0.1282621726061724,0.0735840721470585,Excellent,0.5168578423453093,43,1.131131746538873,0.0599191666102925,0.5168578423453093,43,1.131131746538873,1.746057389985957,45,3.821207270707181,1.0,3.3782159172878097,3.3782159172878097,1.747876881075779,True,1,50,2.0,60.4,Good
1,101,2600,5,1099,32.391384,-86.224667,11010026005,0.621353609778755,43,0.7888162800021021,3.3288367215505996,5.805548751400208,0.0744800471555343,0.0718542411289928,0.1220374135069241,0.0879595152529888,Excellent,0.810332185865013,43,1.3041401435706594,0.188978576086258,0.810332185865013,43,1.3041401435706594,1.906992928778257,44,3.0690944717570385,1.0,2.353347135955832,2.353347135955832,1.9103856796365375,False,0,25,0.0,30.0,Poor
1,101,2700,1,785,32.373036,-86.240332,11010027001,0.9944347767266516,44,1.4061585899980642,2.370549523532434,4.6829888865147336,0.1326814696699406,0.1470502409354754,0.0861362394495611,0.1230285319834872,Excellent,1.508071631849081,44,1.516511356142583,0.5136368551224294,1.470167894913443,44,1.4783954959346317,1.4658182857568942,44,1.4740215447632274,0.9748660898228266,0.9970414201183432,0.9719818706221672,1.4696838613371146,False,0,48,0.0,30.0,Poor
1,101,2700,2,2037,32.370256,-86.228376,11010027002,0.8715647006373425,43,0.92493671999825,3.212223625595055,5.523199832485794,0.1135134873476117,0.0884345279712726,0.1176686323482838,0.1072363430349116,Excellent,1.8596443262455415,43,2.1336847681940925,0.9880796256081992,1.7157965377111115,43,1.9686393178342512,1.707532280313669,-1,1.9591572250058027,0.9226476877840152,0.9951834280954622,0.918203688853248,12.134858973183475,False,0,136,0.0,30.0,Poor
1,101,2700,3,773,32.378228,-86.232822,11010027003,0.4829142957365648,43,0.6816427199981945,2.778540187174948,5.182204991237404,0.0528832319769773,0.0587998580633536,0.1014211601492231,0.0692195982545639,Excellent,1.013086109833845,43,2.0978590171753684,0.5301718140972802,0.8743957150136081,43,1.8106643823412527,0.8705432040463793,-1,1.8026867535958608,0.8631010794896957,0.995594087549744,0.8592983316977428,11.304665028664825,False,0,127,0.0,40.0,Fair
1,101,2700,4,754,32.373482,-86.214678,11010027004,1.100492045031906,43,1.5372716999985985,4.069456919010311,6.445826424052889,0.149226619707546,0.1630206049208824,0.1497839332083128,0.153532009321777,Excellent,1.68746194091988,42,1.5333704123876302,0.5869698958879741,1.4476120645730548,43,1.315422561306279,1.4434488672375012,-1,1.3116395286579758,0.8578635342637257,0.997124093230888,0.8553963987185625,12.7896426011118,True,1,172,0.5813953488372093,60.116279069767444,Good
1,101,2800,1,1632,32.341548,-86.2565,11010028001,0.7097888889367795,33,0.9493668600021294,3.2014637102022454,4.397873284677461,0.0882761309663649,0.0914102656993672,0.1172655239730924,0.0979131892882838,Excellent,0.9016118408788696,33,1.2702535288054864,0.1918229519420901,0.9016118408788696,33,1.2702535288054864,1.022779524525582,33,1.4409629968393045,1.0,1.1343900758097865,1.1343900758097865,0.9012377128101126,False,0,17,0.0,30.0,Poor
1,101,2800,2,1387,32.333911,-86.244349,11010028002,0.692665737685511,32,0.8931877499982193,4.030918654257464,5.386099268984893,0.085604884468167,0.0845673128082718,0.1483401395798244,0.1041141895036956,Excellent,0.9443001478867112,32,1.363284043818909,0.2516344102012002,1.1307741061553185,32,1.6324960866892488,1.2520660643493606,32,1.8076050196059104,1.197473185497138,1.1072645345642378,1.3259195893926434,1.130376968262426,False,0,29,0.0,30.0,Poor
1,101,2800,3,1060,32.332587,-86.257874,11010028003,0.2177222561455287,33,0.2362518600017935,3.7613133808878954,4.7194720078038594,0.0115127332461995,0.0045485772426408,0.1382396750572457,0.0474415689884457,Excellent,0.392272608647023,33,1.8017111139286668,0.1745503525014943,0.392272608647023,33,1.8017111139286668,4.424173884946624,34,20.320264741283236,1.0,11.27831458894345,11.27831458894345,4.342547619899498,False,0,78,0.0,10.0,Very Poor
1,101,2800,4,869,32.331936,-86.249118,11010028004,0.769194909209707,32,0.8465444400027877,4.007426395084605,5.205960276364076,0.0975435912192886,0.0788858776100053,0.147460027973085,0.1069212081626426,Excellent,1.0991462338598432,32,1.4289567191612562,0.3299513246501362,0.9400126760038277,32,1.2220734494585042,0.8307753489007916,32,1.080058303758607,0.8552207586635762,0.8837916446324696,0.7558369608231104,0.9397153244887783,False,0,31,0.0,40.0,Fair
1,101,2901,1,2163,32.319999,-86.243421,11010029011,0.3611160232239758,32,0.4936680900034744,4.9197186009323675,6.041368092430669,0.0338824531973291,0.035903419552928,0.1816380503248929,0.0788154222422779,Excellent,0.8400338026768739,32,2.3262158105785793,0.4789177794528981,0.8707296158673742,32,2.4112184446806437,0.7705021934457604,32,2.1336693580275448,1.0365411642872993,0.8848925997288233,0.9172276055921296,0.870471341173081,False,0,25,0.0,40.0,Fair
1,101,2901,2,1150,32.31292,-86.242732,11010029012,0.8117914668793167,32,0.9345780900041872,5.387343177528534,6.415085314544183,0.1041887410425025,0.0896089047236216,0.1991570898702395,0.1283052947951593,Excellent,0.8369269389936248,30,1.0309629666482376,0.0251354721143081,0.8369269389936248,30,1.0309629666482376,0.8991263499322704,30,1.1075829035117677,1.0,1.0743188061474496,1.0743188061474496,0.8367566186418989,False,0,14,0.0,40.0,Fair
1,101,2902,1,1066,32.323024,-86.256368,11010029021,0.7162906569387911,33,0.9612224400030058,4.425515629076752,5.261436771767054,0.0892904200275669,0.0928543465229502,0.1631232804845489,0.1125094561132765,Excellent,1.1711633340375558,33,1.6350392437655858,0.4548726770987646,1.1184087886959873,33,1.5613896088994472,1.1942783998409283,33,1.6673097551556957,0.9549554329371815,1.0678371020612254,1.0197368421052628,1.1180067182809248,False,0,30,0.0,30.0,Poor
1,101,2902,2,1230,32.317935,-86.253516,11010029022,0.652427462529611,30,0.6701576699946372,4.8159476594997175,5.653968307657683,0.0793276315241004,0.0574009100180615,0.1777503863362946,0.102276441515947,Excellent,0.9216200429989936,30,1.4126015471906426,0.2691925804693825,0.9216200429989936,30,1.4126015471906426,0.9687200964370488,30,1.4847935626147597,1.0,1.051105717367853,1.051105717367853,0.9213418647026248,False,0,14,0.0,40.0,Fair
1,101,2902,3,1579,32.310367,-86.250243,11010029023,0.2763015330981443,30,0.373802669995193,5.1955168847013935,6.1969510317782674,0.0206512198559612,0.0213030917383552,0.1919705291587864,0.0722425742115269,Excellent,0.2022568257795121,30,0.7320148517151694,-0.0740447073186322,0.2022568257795121,30,0.7320148517151694,0.2659475312861173,30,0.962526440964954,1.0,1.3149001536098313,1.3149001536098313,0.20220896375365258,False,0,4,0.0,50.0,Fair
1,101,3000,2,775,32.347694,-86.364085,11010030002,0.5924320154145821,10,0.6342935399987795,1.0146690148125557,4.4438172166557255,0.0699682194823498,0.0530324436606433,0.035339670064925,0.0544989219106104,Excellent,0.7623000733219829,10,1.2867300441022378,0.1698680579074007,0.7623000733219829,10,1.2867300441022378,0.5362446717287832,10,0.90515815785803,1.0,0.7034561460710792,0.7034561460710792,0.7618782781197198,False,0,11,0.0,40.0,Fair
1,101,3000,3,223,32.336653,-86.354258,11010030003,0.8099969335952076,10,0.8925136199993133,0.2436547497036129,4.3411411789040475,0.103908790192292,0.0844851997270096,0.0064544701064661,0.0688454170269595,Excellent,2.5286142145227237,9,3.121757761846525,1.718617280927516,2.508792424223595,9,3.0972863231570615,2.4364025004038923,10,3.0079157085074515,0.9921610065365902,0.9711455108359132,0.9635327075244507,2.535754457312705,False,0,26,0.0,20.0,Poor
1,101,3100,1,1163,32.321724,-86.286795,11010031001,0.952418933867796,6,1.0858619700018224,2.6229612852195117,4.2258800993141135,0.1261269125409053,0.1080361895975524,0.0955925680003278,0.1115393922957262,Excellent,1.1131892577081288,5,1.1688021081095488,0.1607703238403328,1.1071619421626258,5,1.162473679168068,1.1203350441796016,5,1.1763048846896549,0.9945855428411946,1.0118980805926592,1.0064192017862126,1.1068018322719186,False,0,20,0.0,30.0,Poor
1,101,3100,2,1062,32.314197,-86.28631,11010031002,1.2210651978602225,5,1.638689970001877,2.695781794053,4.727221306720083,0.1680362773192233,0.1753739591103761,0.0983207081319955,0.1493229111004008,Excellent,1.4066636012278326,5,1.1519971281573254,0.1855984033676101,1.4066636012278326,5,1.1519971281573254,1.4167298395615595,5,1.160240945400964,1.0,1.0071561091969254,1.0071561091969254,1.4062750147443384,False,0,16,0.0,30.0,Poor
1,101,3100,3,1211,32.319457,-86.294602,11010031003,0.5511846746444156,5,0.7036019700020759,2.0860395292833323,4.224124622121502,0.0635335502456273,0.061474626554522,0.0754773859808719,0.0664990238588691,Excellent,0.9761144320031816,5,1.7709389917869178,0.424929757358766,0.9761144320031816,5,1.7709389917869178,0.9848757875899438,5,1.7868344910447924,1.0,1.0089757463874212,1.0089757463874212,0.9758110499156779,False,0,10,0.0,40.0,Fair
1,101,3200,1,671,32.296381,-86.253117,11010032001,0.8362854502352012,30,0.8805552299987554,5.2274656153672066,6.852923563709809,0.1080098523733667,0.0830285960282064,0.1931674531528847,0.126062755703674,Excellent,1.445747946363105,30,1.72877328662898,0.6094624961279039,1.3629810978413512,29,1.629803672248536,1.3589421750531274,29,1.62497407394919,0.9427515365109383,0.997036699338956,0.9399578802595954,1.362483655322229,False,0,13,0.0,30.0,Poor
1,101,3200,2,1366,32.324226,-86.272341,11010032002,0.9598723868038976,33,1.3388801399975063,3.626938880692161,4.518897129966024,0.1272896663916937,0.138855321793686,0.1332054824578087,0.1325341078321259,Excellent,1.0936781537773248,33,1.1393995377020505,0.1338057669734271,1.137919892626791,33,1.185490809268658,1.1147426895497534,33,1.1613446796417697,1.0404522470314186,0.9796319554414898,1.0192602693028807,1.1375157201734336,False,0,22,0.0,30.0,Poor
1,101,3200,3,858,32.318286,-86.268865,11010032003,1.108629110715876,33,1.508896139998228,3.8637272068788993,4.993344029761765,0.1504960185404449,0.1595642913493881,0.1420764962110579,0.1506906436843118,Excellent,1.3650316278722956,33,1.2312788963216494,0.2564025171564195,1.3517342513079895,33,1.2192844642471394,1.408030621248462,33,1.2700646299457652,0.9902585579024034,1.0416475131010388,1.0315003641660594,1.3512664457849732,False,0,25,0.0,30.0,Poor
1,101,3200,4,970,32.301885,-86.268381,11010032004,1.1057777925422845,30,1.46297733000538,4.108064251583925,5.992477456203224,0.1500512070933761,0.1539711046012472,0.1512303143866092,0.1515809085337074,Excellent,1.4579889892751068,30,1.3185189638535393,0.3522111967328223,1.4579889892751068,30,1.3185189638535393,1.5055861409024818,30,1.36156301117334,1.0,1.0326457551994543,1.0326457551994543,1.457616835746039,False,0,19,0.0,30.0,Poor
1,101,3200,5,639,32.309879,-86.260681,11010032005,0.4860456719401916,30,0.572722770001775,4.489089624201818,5.788730185195763,0.0533717330475883,0.0455327542115109,0.1655050101677035,0.0846600225327997,Excellent,0.6876732076503412,30,1.4148324886945194,0.2016275357101496,0.6876732076503412,30,1.4148324886945194,0.7344625747200716,30,1.5110978599773397,1.0,1.0680401192735156,1.0680401192735156,0.6874982941033003,False,0,13,0.0,40.0,Fair
1,101,3200,6,1237,32.304962,-86.257777,11010032006,0.3677245986764541,30,0.5189883300050084,4.7535453503514145,6.181986430123161,0.034913404438515,0.0389875768047903,0.1754125525773257,0.0782854005900408,Excellent,0.7568941305131296,30,2.058317918456932,0.3891695318366755,0.7568941305131296,30,2.058317918456932,0.8040563212248499,30,2.186572027323922,1.0,1.062310155159675,1.062310155159675,0.75668335874266,False,0,7,0.0,40.0,Fair
1,101,3301,1,650,32.360071,-86.269263,11010033011,1.4987303527685465,12,1.7977177199984735,1.7413842242913526,2.976344389040138,0.2113526074640906,0.1947444938434445,0.0625652547117698,0.1617339675522005,Excellent,1.8133520573651312,15,1.2099254906096992,0.3146217045965847,1.582325673878733,15,1.0557774258429904,1.5869859694036066,15,1.0588869215012753,0.8725970599321523,1.0029452189279404,0.8751670493095295,1.5820172894423847,True,5,32,15.625,63.125,Good
1,101,3301,2,1024,32.358802,-86.262803,11010033012,1.4300611701163233,41,1.8186619799982893,1.9339908723913304,3.416740487427977,0.2006400749984163,0.1972956304582398,0.0697810505737443,0.1603790343089617,Excellent,1.9829868144705285,36,1.3866447505243635,0.5529256443542052,1.5720730237240113,36,1.099304740646959,1.5764226328805595,36,1.102346295265349,0.7927803716353837,1.002766798418972,0.7949738351142166,1.5716948155221218,False,0,26,0.0,30.0,Poor
1,101,3301,3,622,32.355563,-86.250664,11010033013,0.6140642384922477,36,0.8659141200007738,2.5345131103754346,4.274342630199799,0.0733428903765387,0.0812452209269889,0.092278954579737,0.0813944088026333,Excellent,0.8496029428212808,36,1.3835733943851978,0.2355387043290331,0.8874445424832541,36,1.4451982168221602,0.8444455491070875,36,1.375174609061277,1.0445403349667228,0.9515474023246044,0.9939296423608572,0.8872195590890045,False,0,15,0.0,40.0,Fair
1,101,3301,4,1174,32.34814,-86.251837,11010033014,0.5582304978109467,36,0.659021760002318,2.9217252720967783,4.423889027024688,0.06463271302147,0.0560444893223329,0.1067854315981457,0.0747020614847316,Excellent,0.6300098176892391,36,1.1285836588286895,0.0717793198782924,0.6216834230181317,36,1.1136679659316542,0.6344215641194527,36,1.1364867498412985,0.986783706479929,1.0204897551224388,1.0070026629845152,0.6214443880761312,False,0,13,0.0,40.0,Fair
1,101,3303,1,1320,32.343551,-86.242278,11010033031,0.4433892799072466,36,0.5415478799992357,3.545075151429778,5.154460002235337,0.0467172489417307,0.0417354654389118,0.130138548036362,0.0702491036192744,Excellent,0.6120521456000597,36,1.3803945501977315,0.1686628656928131,0.5707929958865126,36,1.287340541940747,0.5225744715224875,36,1.1785906768693322,0.9325888324873096,0.9155236229044196,0.8538071065989847,0.5705702339743164,False,0,13,0.0,40.0,Fair
1,101,3303,2,1332,32.340085,-86.233975,11010033032,0.9572274858699718,36,1.3536088799988164,4.0882286594376165,5.772388673906653,0.1268770564547636,0.1406493707554289,0.1504871957811971,0.1380917925428933,Excellent,1.4420818472168715,36,1.506519472647865,0.4848543613468997,1.2152186610660272,36,1.269519188494239,1.164452508481738,36,1.2164846138151066,0.8426835573940021,0.9582246765863888,0.8074801792485352,1.2146765266125843,False,0,18,0.0,30.0,Poor
1,101,3304,1,898,32.352123,-86.230584,11010033041,0.9338867435637608,36,1.0822622399976538,3.679992975290304,5.65402793554005,0.123235853078359,0.1075977208706987,0.1351930956582802,0.1221315861900372,Excellent,1.583133458436378,36,1.6952092631651006,0.6492467148726173,1.498191805336349,36,1.6042542799345996,1.4552549492338476,36,1.5582777668312524,0.9463458670225288,0.9713408817552156,0.9192244289190672,1.4975649471464527,False,0,28,0.0,30.0,Poor
1,101,3304,2,1343,32.353994,-86.237123,11010033042,0.551848330771846,36,0.7601702399974926,3.250416627567042,5.185597606762825,0.0636370819542709,0.0683649814690527,0.119099491087089,0.0816941745485509,Excellent,1.186511240632806,36,2.1500676444436913,0.63466290986096,1.456497694707147,36,2.63930796469024,1.1750158450047847,36,2.1292369288520665,1.2275464781356376,0.8067406143344711,0.9903115998952606,1.4559376310641763,False,0,24,0.0,30.0,Poor
1,101,3304,3,1482,32.35269,-86.226213,11010033043,1.20839719699706,37,1.209087000000288,3.898893505458345,5.927314566435978,0.1660600433627321,0.1230457380796239,0.1433939628420062,0.1463559276215819,Excellent,1.8471547342388803,37,1.5285989894954832,0.6387575372418204,1.218449799296606,37,1.0083189553273768,1.4944014316427854,37,1.236680650498415,0.6596360211255761,1.226477637819369,0.8090288290106639,1.2183000292832038,False,0,35,0.0,30.0,Poor
1,101,5101,1,968,32.452586,-86.246323,11010051011,1.5736251345465484,24,2.1274563000003326,4.994568479310244,6.610411672836839,0.2230363460833453,0.2349086325984438,0.1844422185506335,0.2150197937780613,Excellent,2.1403805286639246,24,1.3601590885116936,0.5667553941173762,2.1403805286639246,24,1.3601590885116936,2.4587719189232855,48,1.5624889720840651,1.0,1.1487545723741508,1.1487545723741508,2.6476814815794496,False,0,13,0.0,20.0,Poor
1,101,5101,2,1995,32.409304,-86.196477,11010051012,1.1005891822255862,46,1.2873419700025297,5.505028321483801,7.965000612409163,0.1492417733077599,0.1325776632593242,0.2035660341260343,0.1605398185387115,Excellent,1.3665229224402549,46,1.2416285245298373,0.2659337402146686,1.2785986802043072,46,1.161740185033215,1.289348428548349,46,1.171507451982272,0.9356584212440888,1.0084074452058125,0.9435249181520554,1.278318920563115,False,0,17,0.0,30.0,Poor
1,101,5101,3,641,32.428719,-86.205483,11010051013,1.143934568027966,48,1.248681960001356,5.517366784748431,7.850392953097643,0.1560037418460608,0.1278686419311313,0.2040282810580396,0.1619705736351756,Excellent,1.460474480221706,48,1.2767115541751872,0.31653991219374,1.460474480221706,48,1.2767115541751872,1.4241863124013572,48,1.2449893133805008,1.0,0.975153165418652,0.975153165418652,1.4599966146415098,False,0,10,0.0,30.0,Poor
1,101,5102,1,1272,32.431477,-86.285931,11010051021,0.215548424002349,23,0.2935259999997228,3.3315054216211775,3.9125831757303646,0.0111736110008296,0.0115249113614361,0.1221373934147626,0.0445681358331915,Excellent,0.2777536132824636,23,1.2885903228846467,0.0622051892801146,0.2777536132824636,23,1.2885903228846467,0.2789963587557632,23,1.294355827685025,1.0,1.0044742729306486,1.0044742729306486,0.2776723983915893,False,0,4,0.0,50.0,Fair
1,101,5102,2,1488,32.428554,-86.274504,11010051022,0.7861402651264285,23,1.0723980000007316,3.0015127943173496,4.111994426712152,0.1001871012828879,0.1063961972153631,0.1097745832102829,0.1049260746408489,Excellent,0.94864975704326,23,1.206718189012614,0.1625094919168315,0.94864975704326,23,1.206718189012614,1.0140803062124846,23,1.2899483097324855,1.0,1.0689722931813714,1.0689722931813714,0.9483071120698077,False,0,9,0.0,30.0,Poor
1,101,5102,3,1479,32.423447,-86.293901,11010051023,0.99008631119181,23,1.3975259999996013,3.0301098486379945,3.201960244495517,0.1320031001828044,0.1459987396446306,0.110845940342901,0.1298546440693812,Excellent,1.1727167658791804,23,1.1844591250509566,0.1826304546873703,1.1727167658791804,23,1.1844591250509566,1.173773099531485,23,1.1855260357236566,1.0,1.0009007576961797,1.0009007576961797,1.1722872065438263,False,0,21,0.0,30.0,Poor
1,101,5301,1,1154,32.407117,-86.248644,11010053011,1.6658742689425357,44,1.8008441100031902,2.2399583246175543,4.520655905045533,0.2374273990852753,0.1951253069164885,0.0812437840642665,0.1778816869283366,Excellent,2.0912920824685894,47,1.2553721018790336,0.4254178135260538,2.0837113350814622,47,1.2508214899100167,2.12260926839574,47,1.2741713513248096,0.9963750891371526,1.018667620922049,1.014975041597338,2.0831773838916576,False,0,20,0.0,20.0,Poor
1,101,5302,1,828,32.396854,-86.222909,11010053021,1.0177575550104525,43,1.2875482800014597,3.5165799717215287,5.99076614968169,0.1363198706222323,0.1326027930558543,0.1290710075238545,0.1330300884228056,Excellent,1.2971777250301366,43,1.2745449234388777,0.2794201700196841,1.2971777250301366,43,1.2745449234388777,1.2936980377048977,43,1.2711259487448474,1.0,0.9973174937727534,0.9973174937727534,1.2966541515486796,False,0,17,0.0,30.0,Poor
1,101,5302,2,1370,32.394597,-86.214953,11010053022,1.1853834872714857,45,1.4593499999989277,4.0244513772559625,6.501990804894986,0.1624698577355141,0.1535292740284082,0.1480978501724439,0.1554760803544613,Excellent,1.3976536965464106,45,1.179073027045052,0.2122702092749249,1.2656741272819916,45,1.0677338944507475,1.2694645009755552,45,1.0709314872418267,0.90557062197128,1.002994746919338,0.9082825768016716,1.2650741469337548,False,0,44,0.0,30.0,Poor
1,101,5402,1,2165,32.398462,-86.198555,11010054021,0.583975942919836,45,0.5945729999995777,5.184837441473498,7.662213957647357,0.0686490549367218,0.048194243411396,0.1915704355845914,0.099389025673485,Excellent,0.588812805249357,45,1.0082826397014524,0.0048368623295209,0.588812805249357,45,1.0082826397014524,0.585333117924118,45,1.0023240255369017,1.0,0.9940903334740396,0.9940903334740396,0.5886342374271252,False,0,14,0.0,40.0,Fair
1,101,5402,2,1774,32.392563,-86.192076,11010054022,0.4708305641581041,45,0.6132030000005884,5.573097214865376,8.046161847312074,0.0509981452198458,0.0504634892637983,0.2061161602200048,0.0973731529330792,Excellent,0.688356717660656,45,1.462005167169876,0.2175261535025519,0.5665676612772937,45,1.2033366234207372,0.5654491903513241,45,1.2009610959781432,0.8230727568153094,0.9980258828690504,0.8214479147860624,0.566332380998512,False,0,9,0.0,40.0,Fair
1,101,5402,3,750,32.390472,-86.201648,11010054023,0.226466030936178,45,0.2566800000000881,4.9028198901407665,7.373827822772786,0.0128767799364268,0.0070368473425285,0.181004958743654,0.0615632538004254,Excellent,0.254017174742441,45,1.121656849340144,0.027551143806263,0.254017174742441,45,1.121656849340144,0.2516559583431717,45,1.1112304891946143,1.0,0.9907045009784736,0.9907045009784736,0.2538848378406551,False,0,8,0.0,50.0,Fair
1,101,5402,4,797,32.384235,-86.193613,11010054024,0.3099962382360915,42,0.4357287900044397,5.443530214707178,7.894800434533487,0.0259076625391317,0.0288460649524574,0.2012620753126933,0.0793955070951979,Excellent,0.3710216610535996,42,1.1968585914614598,0.0610254228175081,0.3710837983272646,42,1.1970590367120817,0.3659885418867362,42,1.180622526161112,1.0001674761346508,0.9862692565304756,0.9864344330932842,0.3709432056535568,False,0,11,0.0,50.0,Fair
1,101,5403,1,1466,32.376499,-86.204952,11010054031,0.6384733892684435,42,0.8804462099956183,4.698443779944285,7.1072540712102805,0.0771507676520529,0.0830153167372814,0.1733482329515271,0.1077693719674637,Excellent,0.8776268532441872,42,1.3745707620638086,0.2391534639757436,0.8776268532441872,42,1.3745707620638086,0.8717859495196789,42,1.3654225284448622,1.0,0.9933446615689604,0.9933446615689604,0.8772823678568029,False,0,23,0.0,40.0,Fair
1,101,5403,2,1310,32.374405,-86.200865,11010054032,0.5491427549861794,42,0.7429292099947205,4.997599194238191,7.394231701742412,0.0632150066167926,0.0662649205016447,0.1845557609462447,0.1005322070810839,Excellent,0.6854984030720669,42,1.2483063772539789,0.1363556480858875,0.6716417910447762,42,1.2230732080981015,0.6717039283184412,42,1.2231863613230158,0.9797860768672952,1.0000925154963456,0.9798767222625092,0.671385824696123,False,0,8,0.0,40.0,Fair
1,101,5403,3,1129,32.377116,-86.196805,11010054033,0.2983076916705987,42,0.3192926699999532,5.251927773193211,7.668296323070657,0.0240842254495491,0.0146634464674516,0.1940839009440545,0.0722578944032715,Excellent,0.6428100960642251,42,2.154855922300648,0.3445024043936264,0.5359339853604583,42,1.7965811821984616,0.5368660444654331,42,1.799705671210981,0.83373610439826,1.001739130434783,0.8351860802319961,0.5357289585098476,False,0,7,0.0,40.0,Fair
1,101,5407,1,1700,32.371172,-86.161589,11010054071,1.401096355241651,38,1.8974910299970416,7.712965277951899,10.11206029228416,0.1961215048374953,0.2068974820282224,0.2862839595515004,0.226403034408915,Excellent,1.8516286179427592,38,1.3215569443283604,0.4505322627011081,1.743074800850038,38,1.2440791772307516,1.7671840630320506,38,1.2612866034665111,0.9413738716064298,1.0138314558676742,0.9543944427665358,1.7425640924818124,False,0,41,0.0,30.0,Poor
1,101,5407,2,1080,32.372885,-86.17898,11010054072,1.3835535072561556,42,1.8411566700003872,6.50769015332044,8.907557725899132,0.1933847847932685,0.2000356187559085,0.2411296549485669,0.20970349602865,Excellent,1.724247206929549,42,1.246245409293243,0.3406936996733933,1.6832987435843263,42,1.2166488211378406,1.7951458361812918,38,1.297489274369591,0.9762513964467184,1.0664451827242527,1.0411185988684275,1.7786962677385192,False,0,44,0.0,30.0,Poor
1,101,5407,3,1555,32.374012,-86.153597,11010054073,1.6684104797966466,40,1.96424439000171,8.239902215161324,10.654325622234362,0.2378230531482057,0.2150284420559353,0.306025071338377,0.251445275277576,Good,2.572793816098525,40,1.5420628479941632,0.9043833363018784,2.4587719189232855,40,1.473721214711485,2.479277219232729,40,1.4860115356833017,0.9556816809564064,1.0083396512509477,0.963651732882502,2.45801023874473,False,0,44,0.0,20.0,Poor
1,101,5409,1,1281,32.357723,-86.209352,11010054091,0.3494945903917228,37,0.3915750000002518,4.749070069720204,6.960914040301985,0.0320694859869333,0.023467868235903,0.1752448911192274,0.0724416222013124,Excellent,0.5069780158325773,37,1.4506033276919763,0.1574834254408544,0.5069780158325773,37,1.4506033276919763,0.5076615258428921,37,1.452559037534434,1.0,1.0013482044368185,1.0013482044368185,0.5068386161065092,False,0,9,0.0,40.0,Fair
1,101,5409,2,1044,32.354675,-86.197682,11010054092,0.7723592261300969,37,0.8965169999996192,5.572968047547428,7.792535969715136,0.0980372311088594,0.0849728354468588,0.2061113211087511,0.1265401394102268,Excellent,1.1374849317111362,37,1.4727407833405453,0.3651257055810393,1.1374849317111362,37,1.4727407833405453,1.1395975990157456,37,1.4754761262135694,1.0,1.0018573145416805,1.0018573145416805,1.137221442590934,False,0,25,0.0,30.0,Poor
1,101,5410,1,1171,32.34524,-86.199811,11010054101,0.4907178043819685,34,0.6926054400021684,5.720141749841567,7.819108734014448,0.0541005952319534,0.0601351831786899,0.2116250217129705,0.1031682995602795,Excellent,1.057824946872631,34,2.1556685684247836,0.5671071424906626,0.9507002870742044,34,1.9373666057859016,0.9500789143375544,34,1.9361003531023813,0.8987312030075189,0.999346405228758,0.898143796992481,0.9502885484582858,False,0,19,0.0,40.0,Fair
1,101,5410,2,1016,32.348524,-86.21886,11010054102,0.7579472582820826,37,0.9891840000009892,4.479717527158469,6.499680675783059,0.0957889347479137,0.0962602324085476,0.1651538948779118,0.1167398120851033,Excellent,0.993637143176706,37,1.3109581601084273,0.2356898848946234,0.9038487827308088,37,1.192495616092626,0.9009904681422198,37,1.188724490123957,0.9096366706272276,0.9968376185893032,0.9067600525295478,0.9036915597909162,False,0,20,0.0,40.0,Fair
1,101,5410,3,1379,32.351274,-86.206576,11010054103,0.1765220676627321,37,0.2449499999997968,5.1126029710481795,7.2535465010400655,0.0050854198624197,0.0056080629169839,0.1888642507362035,0.0603758620409241,Excellent,0.3017386009171462,37,1.7093534248287656,0.1252165332544141,0.2940957162563535,37,1.6660563755590083,0.2348788944536269,37,1.3305922458510566,0.9746705107084016,0.7986477920980349,0.7784184514003292,0.29401168993420346,False,0,7,0.0,50.0,Fair
1,101,5410,4,1504,32.349411,-86.214256,11010054104,0.4454999146773496,37,0.610305000000551,4.7132951288423985,6.782010420148808,0.0470465122680822,0.0501104954645503,0.1739046223751576,0.0860231402591452,Excellent,0.8389774690245692,37,1.8832270027081668,0.3934775543472195,0.7444045385064685,37,1.6709420450632375,0.7450259112431183,37,1.6723368213946763,0.8872759591171677,1.0008347245409015,0.8880165901347948,0.7443047836593977,False,0,19,0.0,40.0,Fair
1,101,5411,1,1687,32.344688,-86.155012,11010054111,1.2649914430957667,38,1.7105341499997522,8.572832765589398,10.816203926397826,0.1748888611130935,0.1841250115779325,0.3184979475957778,0.2207424321973505,Excellent,2.128325897572918,35,1.6824824461771417,0.8633344544771513,1.9431568220512756,38,1.5361027401860203,2.116395541029242,35,1.6730512704891234,0.9129977811514656,1.0891532361217704,0.9943944879131148,2.127803070128479,True,4,29,13.793103448275861,52.758620689655174,Fair
1,101,5411,2,1405,32.353352,-86.142779,11010054112,1.4122281250758475,40,1.965801029997152,9.214916635300176,11.533569515125455,0.197858083622089,0.2152180501532594,0.3425529123428649,0.2464745221976729,Excellent,2.583419289895237,40,1.8293215125966191,1.1711911648193891,2.482632632010638,40,1.75795438989526,2.3208271713870285,40,1.6433797983327816,0.9609871079468923,0.934825048806127,0.8983548200885126,2.482012241016167,True,4,56,7.142857142857142,51.42857142857143,Fair
1,101,5412,1,757,32.3569,-86.178142,11010054121,0.539776303790771,38,0.7280638500002468,6.7952467337693685,9.08603606052857,0.0617538211381896,0.0644542304044845,0.2519026454125816,0.1196085912003957,Excellent,0.7555271104925001,38,1.399704109251448,0.215750806701729,1.6116544670486035,38,2.9857821763018992,0.6828886375781377,38,1.2651326721501286,2.1331523974011013,0.4237190114508232,0.9038572251007484,1.6111750014384962,False,0,20,0.0,40.0,Fair
1,101,5412,2,2043,32.343599,-86.185114,11010054122,1.1696492341966729,38,1.5934694400020888,6.675066560845248,8.822684657873394,0.1600152821839059,0.169865827057779,0.247400227645428,0.1891859292845245,Excellent,1.3556488995488831,38,1.1590217476438196,0.1859996653522102,1.3556488995488831,38,1.1590217476438196,1.298669019598096,38,1.110306390693305,1.0,0.957968556630151,0.957968556630151,1.3551624365811994,False,0,26,0.0,30.0,Poor
1,101,5412,3,1290,32.343395,-86.169532,11010054123,0.6922072304208926,38,0.7978711499992244,7.665436067783703,9.863369055915843,0.0855333564002876,0.0729571786589926,0.2845033300590202,0.1414514951755189,Excellent,1.1967638907875278,38,1.7289098382573127,0.5045566603666352,1.1936570271042788,38,1.724421494959656,1.147675444592193,38,1.6579940141543388,0.9974039460020768,0.9614783966684018,0.958982346832814,1.1932784064641548,True,1,23,4.3478260869565215,60.869565217391305,Good
1,101,5412,4,2291,32.352042,-86.162183,11010054124,0.6283198589841213,38,0.7083091499998204,7.9462935191275745,10.229089633201458,0.0755667962312356,0.0620479893395898,0.2950253450320435,0.1373487188039842,Excellent,2.533833745510582,38,4.032713130549987,1.9055138865264607,2.29938981197261,38,3.659584810338964,2.489219183019126,38,3.9617069991130625,0.9074746186669282,1.0825564112957708,0.982392466526068,2.298644018946186,True,9,35,25.71428571428571,55.14285714285714,Fair
1,101,5413,1,1660,32.393266,-86.156766,11010054131,1.887549573710413,46,2.559339029997382,8.005499512673751,10.474623366897672,0.2720091984812413,0.2875145420840478,0.2972434323485977,0.2842310717222902,Good,2.3874383287558874,46,1.2648347688494497,0.4998887550454742,2.3779313258851458,46,1.2597980784212064,2.3817216995787094,46,1.2618061706834471,0.9960179064077874,1.0015939794611826,0.9976055384935716,2.3772497795464247,False,0,27,0.0,20.0,Poor
1,101,5413,2,2313,32.38053,-86.143573,11010054132,1.2235057152714783,40,1.722330390001602,8.901549904722048,11.340308761653576,0.1684170030100114,0.1855618644333639,0.3308129730412247,0.2222792524463811,Excellent,2.061404053835734,40,1.6848340208842736,0.8378983385642558,2.0064747039158912,40,1.6399389711642527,2.0169759031652728,40,1.6485218483166095,0.973353428786737,1.005233656436778,0.9784476262245666,2.005854234718439,False,0,31,0.0,20.0,Poor
1,101,5414,1,2080,32.401258,-86.1795,11010054141,0.360423567501804,46,0.4392450299972879,6.51313253892427,8.990626049488043,0.0337744286932022,0.0292743640946683,0.2413335479289328,0.0946921450843612,Excellent,0.3455453788509575,46,0.9587202669515444,-0.0148781886508465,0.3455453788509575,46,0.9587202669515444,0.3554252053636895,46,0.9861319775153452,1.0,1.0285919798597376,1.0285919798597376,0.3454569941366962,False,0,9,0.0,50.0,Fair
1,101,5414,2,1865,32.387752,-86.170527,11010054142,1.464197778938199,46,1.9902960299970829,7.038516071651759,9.49842136020919,0.2059654555570347,0.2182016882182847,0.261016463128395,0.2261516276268178,Excellent,1.9158785589123497,42,1.308483448391582,0.4516807799741507,1.9088570469882065,42,1.3036879815324292,2.5774541116233984,-1,1.7603182771473032,0.996335095514546,1.3502604166666663,1.345311841209094,15.123603440155826,True,1,249,0.4016064257028112,50.08032128514056,Fair
1,101,5501,1,1906,32.379449,-86.096457,11010055011,1.7645099917473794,39,2.0778266699985366,12.153223610451592,14.590956319236913,0.2528147728970987,0.228863445693896,0.4526333458152476,0.3055749466115826,Good,2.0245566505524004,39,1.1473761327627845,0.260046658805021,2.0245566505524004,39,1.1473761327627845,2.0791131768302535,39,1.1782949297846284,1.0,1.026947394266773,1.026947394266773,2.0239474571937643,False,0,15,0.0,20.0,Poor
1,101,5501,2,1520,32.392981,-86.097368,11010055012,2.678783176056693,39,2.948675669998245,12.096337157675846,14.559128376222604,0.3954432532594147,0.3349380823665095,0.4505021575380468,0.3938093732751329,Good,2.997129257956678,39,1.1188398093378378,0.318346081899985,2.9499670672449576,39,1.101233983254838,5.663191121826339,46,2.114090894867739,0.9842642119666624,1.9197472353870455,1.8895384998134097,5.701584921978334,False,0,34,0.0,0.0,Very Poor
1,101,5502,1,3195,32.34996,-86.049541,11010055021,2.761194718784141,31,2.904969000000655,15.574071191336474,17.94202611583423,0.4082996219085835,0.3296143475512135,0.5807916314305056,0.4364416424579491,Good,5.260603725750929,39,1.905191144240408,2.4994090069667885,5.260603725750929,39,1.905191144240408,5.261784333950564,-1,1.9056187157519728,1.0,1.000224424469354,1.000224424469354,23.96941218798831,False,0,339,0.0,0.0,Very Poor
1,101,5503,1,3052,32.345725,-86.077546,11010055031,1.7573724174397365,39,2.249922330001695,13.723448272933911,16.062842117939635,0.2517012967562216,0.2498257303239235,0.5114600827616732,0.3290662626281676,Good,2.05786222923683,39,1.170988123413743,0.3004898117970935,2.016789491344278,39,1.147616447902647,2.9508991263499325,35,1.6791541150105278,0.98004106528172,1.4631666512616692,1.4339634035871731,2.9543502961105497,False,0,45,0.0,20.0,Poor
1,101,5503,2,1546,32.352314,-86.088412,11010055032,0.9142387862202028,39,1.0455273300013277,12.90195085108916,15.259324162808138,0.1201707316833218,0.1031231882811651,0.4806835869571614,0.2232103252448267,Excellent,1.083798327264593,39,1.1854652674991084,0.1695595410443902,1.083798327264593,39,1.1854652674991084,1.0780816980874148,-1,1.1792123833912127,1.0,0.9947253755303292,0.9947253755303292,20.83533529695026,False,0,311,0.0,30.0,Poor
1,101,5503,3,1578,32.349191,-86.124244,11010055033,0.5287631927176439,35,0.5401754699974646,10.525451387314616,12.841790431923524,0.0600357533621909,0.0415682976609115,0.3916506529133297,0.1539799865171487,Excellent,1.1176010041383424,35,2.113613465404605,0.5888378114206985,1.039121627499472,35,1.9651928156322256,0.9096896864553172,-1,1.7204103821596477,0.9297787167797176,0.8754410093882677,0.8139664183253643,18.699907729413766,False,0,305,0.0,40.0,Fair
1,101,5504,1,1829,32.344563,-86.025337,11010055041,2.829317161757961,31,3.907194000000096,17.28209611771151,19.644236561826077,0.4189268618699793,0.4516913697894964,0.6447809034388565,0.4965124267164976,Good,5.264083413076168,31,1.8605490696579936,2.4347662513182073,5.241465445462115,31,1.8525549260816685,5.246871388270969,-1,1.8544656142441416,0.9957033417141776,1.0010313800339052,0.9967302902605144,25.232375606254845,False,0,346,0.0,0.0,Very Poor
1,101,5604,1,1143,32.289686,-86.037603,11010056041,1.5561600533377202,31,2.077658999999372,17.493974299048794,19.648145527159578,0.2203117578147946,0.2288430224813272,0.652718686060683,0.3525932156885208,Good,3.821442330396312,31,2.455687204025007,2.2652822770585916,3.821442330396312,31,2.455687204025007,3.802179775560168,-1,2.4433089433217914,1.0,0.994959349593496,0.994959349593496,27.926500774981946,False,0,361,0.0,10.0,Very Poor
1,101,5604,2,848,32.22081,-86.080075,11010056042,6.554096300995738,31,8.408684999999977,17.458306959030335,19.14720833602199,1.0,1.0,0.6513824484642566,0.8954147345392769,Poor,8.864130637404154,31,1.3524565752958897,2.3100343364084157,8.864130637404154,31,1.3524565752958897,7.8647147277766045,-1,1.1999693575728738,1.0,0.8872516718774097,0.8872516718774097,28.34365889239833,False,0,345,0.0,0.0,Very Poor
1,101,5604,3,1550,32.226132,-86.189447,11010056043,5.9154687002244914,29,6.960651000000425,11.400965114827263,13.356219659607572,0.900372792532195,0.8236207649780902,0.4244508100959016,0.7345705895350756,Fair,6.405358718480868,29,1.0828150807792771,0.4898900182563768,6.39889644201971,29,1.0817226438501606,6.414430760435955,-1,1.084348694160537,0.9989911140429164,1.002427655855506,1.001416320670521,23.427352150170233,True,10,278,3.597122302158273,30.719424460431654,Poor
1,101,5605,1,1675,32.326287,-86.212408,11010056051,1.0861015247695325,34,1.4843445599975382,5.801754303528535,7.53440383132948,0.146981669213678,0.1565737615005709,0.2146825461182231,0.1701695599711094,Excellent,1.6868405681832304,34,1.5531149986564772,0.6007390434136979,1.678327761691128,34,1.5452770513762646,2.3916636633651063,37,2.202062706681689,0.9949534018491916,1.425027767493521,1.4178362249972374,2.376434495799249,False,0,37,0.0,20.0,Poor
1,101,5605,2,2037,32.331462,-86.201442,11010056052,0.619907007286738,34,0.7944894600018202,6.143044233642095,8.051870139220014,0.0742543742180954,0.0725452685140488,0.2274685973253894,0.1197059094390696,Excellent,0.993885692271366,34,1.6032819125911966,0.373978684984628,0.8833434824213653,34,1.4249612797371958,1.9386829383473971,37,3.127377034876232,0.8887777430447014,2.1947101857062465,1.9506095654892153,1.9265746910275907,False,0,35,0.0,30.0,Poor
1,101,5606,1,1160,32.332314,-86.222282,11010056061,1.3332148292991253,34,1.7497875599985449,5.027164665347259,6.73699472728401,0.185531848424055,0.1889063125885376,0.1856633987468641,0.1865836527702425,Excellent,1.7637043757068116,32,1.3228958581521295,0.4304895464076863,1.5989163259472827,32,1.1992938353287277,3.2528862763617385,33,2.4398815591271137,0.9065670800450958,2.034431835846417,1.84434892897407,3.1279894240181907,False,0,55,0.0,10.0,Very Poor
1,101,5606,2,1110,32.339037,-86.220162,11010056062,1.0814020391246482,34,1.1396205599981355,4.810772935827521,6.659603369808814,0.1462485398738728,0.1145843086192115,0.1775565210152943,0.1461416648399008,Excellent,1.434376825282414,34,1.3264047721266412,0.3529747861577659,1.3208520262964942,34,1.2214254999608392,2.020082766848522,36,1.868021969408989,0.920854271356784,1.5293785576515972,1.4083347773349506,2.0247163222736644,False,0,47,0.0,20.0,Poor
1,101,5606,3,862,32.331869,-86.228416,11010056063,0.9929735278510292,32,1.3607069099963098,4.768962550003732,6.384665224584477,0.1324535118668048,0.1415139534248419,0.1759901409760225,0.1482326330669812,Excellent,1.5731293573763157,32,1.5842611240410875,0.5801558295252864,1.569276846409087,32,1.580381351963411,4.966632284041905,44,5.0017771317535304,0.997551052652368,3.164917838051871,3.1571671209069008,5.070416928508271,False,0,146,0.0,10.0,Very Poor
1,101,5606,4,1638,32.326274,-86.228217,11010056064,0.8759909897768694,32,0.9883829099959912,5.080519416335689,6.601965398281217,0.1142039974757107,0.0961626548362908,0.1876622757077422,0.1308290781534942,Excellent,1.3253880472740378,32,1.513015616304042,0.4493970574971684,1.3208520262964942,32,1.5078374569045954,2.968297562976127,29,3.388502390569343,0.9965775902484764,2.2472597262078375,2.239568682606657,2.967772586189192,False,0,55,0.0,20.0,Poor
1,101,5607,1,824,32.318155,-86.132638,11010056071,1.7098241305811903,35,2.1804945300022496,10.699008386785348,12.8071681501331,0.2442836670861693,0.2413690074478307,0.3981527746778263,0.2895700014721648,Good,4.080927585221271,38,2.3867528316108824,2.371103454640081,3.462288888612723,35,2.024938604320579,3.459803397666124,35,2.023484951338296,0.8484073329679028,0.9992821249102656,0.8477982824776172,3.461050352220157,False,0,37,0.0,10.0,Very Poor
1,101,5607,2,1115,32.335081,-86.149464,11010056072,1.7849889232113887,35,2.1735945300015302,9.164217708292147,11.349539952751291,0.2560095279487436,0.240528546020973,0.3406535329012935,0.2767584348561774,Good,1.8090645854822476,35,1.013487849676705,0.0240756622708588,2.5197285843886315,38,1.411621412112388,1.8081946636509376,35,1.013000495486437,1.392835062169403,0.7176148553673152,0.9995191316892216,3.0606695225002394,False,0,28,0.0,30.0,Poor
1,101,5607,3,3701,32.327454,-86.138466,11010056073,1.3724914770711083,35,1.9409955300014377,10.067422642423969,12.22553473698282,0.191659085536096,0.212196591324543,0.3744911106303877,0.2526699448009176,Good,2.260678290479327,35,1.647134665858622,0.8881868134082185,2.258441348627388,35,1.6455048256087488,2.2649036250885457,35,1.650213252997273,0.999010499697653,1.0028613877730697,1.001869056126656,2.257504647538459,True,3,26,11.538461538461538,52.30769230769231,Fair
1,101,5608,1,1633,32.321799,-86.112943,11010056081,1.5746765300949548,35,2.1527178900038777,11.844197778610424,14.024503074100007,0.2232003659320103,0.2379856459284234,0.4410560335020961,0.29299265020196,Good,5.882722109684716,39,3.7358289129577495,4.308045579589761,4.201225347036673,35,2.667992611017918,5.524625001553432,35,3.508418964763697,0.7141634890623514,1.3150032538602616,0.9391273119051896,4.1999992370603785,False,0,25,0.0,0.0,Very Poor
1,101,5609,1,1236,32.327167,-86.182538,11010056091,1.7526218569557763,34,2.395220460002186,7.383127014687749,9.36701869536162,0.250960199637412,0.2675239149104791,0.2739269324256929,0.2628193340558164,Good,2.4627487044378444,38,1.4051797281106182,0.7101268474820681,2.2165608261771905,38,1.2647113907544525,2.6526402127580253,38,1.5135268353696898,0.900035323207347,1.196736936532855,1.0771055154665186,2.2158084119287453,False,0,56,0.0,20.0,Poor
1,101,5609,2,1364,32.312591,-86.207783,11010056092,1.898105130694288,34,2.1102435599984304,6.706091921109108,8.298812732958963,0.2736558868866605,0.2328120175229915,0.2485625585847631,0.2538747275869906,Good,2.710552151813787,32,1.4280305700571616,0.8124470211194992,2.771570954552798,34,1.4601777898039894,2.7166416046329553,32,1.4312387447365802,1.0225115767273392,0.9801811496726752,1.0022465728302232,4.894958953679139,False,0,98,0.0,20.0,Poor
1,101,5609,3,1191,32.308119,-86.19557,11010056093,2.278383272928766,34,2.8103244600018655,7.509374726408077,9.17374469289038,0.3329800522157385,0.3180860743449268,0.2786566638487869,0.3122148423444095,Good,3.906694669864665,38,1.7146784372423751,1.6283113969358989,3.901537276150472,38,1.7124148173433569,4.749151826214473,38,2.0844393841206696,0.9986798574882302,1.217251429390498,1.2156444840310472,3.900350897881003,False,0,69,0.0,10.0,Very Poor
1,101,5609,4,1243,32.332544,-86.190327,11010056094,1.102790609222561,34,1.4867664600023076,6.730430999903669,8.729476092240882,0.1495852004065699,0.1568687634619481,0.2494743953556253,0.1817370278078999,Excellent,1.266792598207961,34,1.1487154384648026,0.1640019889854,1.1457491891085787,34,1.038954430266959,1.118470925969652,34,1.014218761581716,0.9044489135233236,0.9761917674494276,0.8829155834600478,1.1452956840705988,False,0,23,0.0,30.0,Poor
1,101,5610,1,1400,32.286358,-86.218959,11010056101,1.5192144701219503,29,2.045221410001197,7.682110296086855,8.87275435569043,0.2145481715250517,0.2248919292681608,0.2851280116511584,0.2388252508858165,Excellent,1.3103508270471127,29,0.8625186586999322,-0.2088636430748376,1.3038885505859543,29,0.8582649627351749,1.3148247107509912,29,0.8654635251370714,0.995068285280728,1.0083873427373238,1.0034142640364188,1.3033446036658776,False,0,7,0.0,30.0,Poor
1,101,5611,1,2006,32.334131,-86.172264,11010056111,1.3237696339800489,38,1.3949129700025509,7.759078273994504,9.86354133022689,0.1840583787016516,0.145680456902672,0.288011532142114,0.2037309481940964,Excellent,1.9440888811562504,38,1.468600601836702,0.6203192471762016,1.9435917829669307,38,1.4682250846949276,2.05922924925746,38,1.5555797598001826,0.9997443027455492,1.0594967869816811,1.0592258765621507,1.9429396523573388,False,0,43,0.0,20.0,Poor
1,101,5611,2,1638,32.321405,-86.173607,11010056112,2.2060818605148085,38,2.3656739700029874,8.116488059173495,10.089442272565138,0.3217008845034729,0.2639249750350046,0.3014014959588615,0.298278295099549,Good,2.679732064075957,38,1.2147020072277002,0.4736502035611485,2.678240769507997,38,1.2140260148292985,3.250400785415139,38,1.4733817650160224,0.999443491165422,1.213632778061343,1.2129573806984184,2.6773908842557717,False,0,54,0.0,10.0,Very Poor
1,101,5612,1,2131,32.313397,-86.152816,11010056121,2.7585110501260868,35,3.901078530002025,9.626818097868885,11.625753012101011,0.4078809641276672,0.450946468827185,0.3579843468154782,0.4058316303438659,Good,3.619247641890465,38,1.3120294159144423,0.8607365917643781,3.541078951619919,35,1.2836921394453222,3.582835199522786,35,1.2988293809296216,0.9784019503485216,1.0117919562013056,0.9899392232943034,3.5397922268466244,False,0,39,0.0,10.0,Very Poor
1,101,5613,1,1769,32.300314,-86.226886,11010056131,0.8485963143535584,29,1.0741002300018463,6.643128072882017,7.803740759065113,0.1099303722696981,0.1066035390494831,0.2462036873828968,0.1498143168375932,Excellent,1.1524600146643966,29,1.3580780344801695,0.3038637003108382,1.1524600146643966,29,1.3580780344801695,1.166937999428337,29,1.375139132341488,1.0,1.0125626786003128,1.0125626786003128,1.1522207682333132,False,0,12,0.0,30.0,Poor
1,101,5613,2,1464,32.306224,-86.219811,11010056132,1.4594893193095182,29,1.9700652300008985,6.545025214299109,7.894441971323094,0.205230926257465,0.2157374553154596,0.242528371873315,0.2195721186596184,Excellent,2.0282848869722994,32,1.3897223228271909,0.5687955676627812,1.7056060248300546,29,1.1686320703168789,2.021946885058471,32,1.3853797066600329,0.8409104834262606,1.185471237567853,0.9968751914711108,3.2802228108408653,False,0,59,0.0,20.0,Poor
1,101,5613,3,1599,32.311065,-86.227255,11010056133,1.276627977788886,29,1.7904582300013487,5.986835110577956,7.286146227824959,0.1767041842445673,0.1938602443766899,0.2216163946370181,0.1953246654019393,Excellent,1.5288254812531847,32,1.197549723061141,0.2521975034642987,1.852560677047734,29,1.4511358902351184,1.51179986826898,32,1.184213329624352,1.211754186311169,0.816059569329845,0.9888635994147292,3.4271147222243674,False,0,63,0.0,30.0,Poor
1,101,5614,1,1943,32.321375,-86.231702,11010056141,0.6637337289643623,32,0.8444392500016704,5.220958045652728,6.601706660855618,0.0810914321340661,0.0786294528285617,0.192923654223406,0.1139025049692167,Excellent,0.7588203859967441,32,1.1432602456119676,0.0950866570323817,0.8702325176780544,32,1.3111169128558473,0.8177265214311458,32,1.2320098945507283,1.146822797248608,0.9396644055694396,1.077628562070095,0.8699229608435837,False,0,16,0.0,40.0,Fair
1,101,5614,2,865,32.315468,-86.236936,11010056142,0.6791274322154462,32,0.8908762500016039,5.394994139822297,6.582820890318659,0.0834928812190124,0.084285758230716,0.1994437247429403,0.1185159973797018,Excellent,1.0004722432798538,32,1.4731730685890836,0.3213448110644076,1.032535076490984,32,1.5203848755198317,1.0016528514794885,32,1.4749114878365337,1.0320476989006897,0.9700908707949688,1.0011800509285138,1.0321798186146456,False,0,29,0.0,30.0,Poor
1,101,5700,1,771,32.093655,-86.080687,11010057001,2.41179450184856,27,3.351263759997323,23.01245137281638,25.18041479858813,0.3537924758661971,0.3839757288188657,0.8594623495121294,0.5145484138457774,Fair,2.6257969105347536,27,1.0887316098125972,0.2140024086861935,2.5028893832254218,27,1.037770581741952,3.872394894801596,27,1.6056073151479258,0.9531922949500686,1.5471698113207546,1.4747503431302948,2.502191739407648,False,0,10,0.0,10.0,Very Poor
1,101,5700,2,646,32.007181,-86.096696,11010057002,4.675246861509659,27,6.436869240000831,26.763733464229126,29.51887055827055,0.7068956576847085,0.7598210018874538,1.0,0.8107045636401196,Poor,5.24165185728311,25,1.1211497515642537,0.5664049957734516,5.24165185728311,25,1.1211497515642537,5.222637851541626,25,1.1170827993145185,1.0,0.9963725164777848,0.9963725164777848,5.240106404357122,False,0,16,0.0,0.0,Very Poor
1,101,5800,1,656,32.080162,-86.280198,11010058001,4.798876375160378,26,6.325871009997677,16.89360736585078,20.722782255635092,0.7261821138146182,0.7463007510530477,0.6302266003773902,0.7034310509549786,Fair,7.623622105956479,26,1.5886264846115563,2.824745730796101,6.6744131134502345,26,1.3908283088928657,6.679756918985423,26,1.391941862382772,0.8754910750672427,1.00080064051241,0.8761920286901949,6.672281712354441,False,0,18,0.0,0.0,Very Poor
1,101,5800,2,365,32.07261,-86.196667,11010058002,1.969186815984307,26,2.784546749999741,19.278801243475396,22.50508700789331,0.2847447746813591,0.3149461945003978,0.7195852610568315,0.4242573465397125,Good,2.8470056047820846,26,1.4457773034393369,0.8778187887977777,2.8470056047820846,26,1.4457773034393369,2.8483726248027144,26,1.4464715087882316,1.0,1.0004801606355582,1.0004801606355582,2.8464453315166103,False,0,9,0.0,20.0,Poor
1,101,5800,3,897,31.999486,-86.229784,11010058003,3.745775511580163,26,4.546082249999326,23.126325547807532,26.749899378304033,0.5618962325064413,0.5295117944476092,0.8637285200145121,0.6427305873412129,Fair,4.445052008898058,26,1.186684037833037,0.6992764973178947,4.442255831583134,26,1.1859375496074935,4.449028794412617,26,1.1877457099760325,0.99937094609707,1.0015246674406568,1.0008946544397226,4.44087630696037,False,0,20,0.0,10.0,Very Poor
1,101,5902,1,1193,32.302496,-86.343461,11010059021,0.5740897283192171,3,0.7704988499999885,1.8084584574325235,5.833745149644609,0.0671067853074455,0.0696230681790889,0.0650781169557249,0.0672530696634223,Excellent,0.6193843438925274,3,1.078898146646729,0.0452946155733102,0.61118222376875,3,1.064610972152611,0.6891023649446357,3,1.200339129846732,0.986757624398074,1.1274908499389995,1.1125601926163724,0.6110497513026197,False,0,14,0.0,40.0,Fair
1,101,5902,2,763,32.295352,-86.344538,11010059022,0.4981487151427879,3,0.6745322700001637,2.22763050828203,6.313798649067686,0.0552598324574489,0.0579337625633069,0.0807819360077296,0.0637186425542905,Excellent,0.7103533125380591,3,1.4259864392793735,0.2122045973952712,0.7103533125380591,3,1.4259864392793735,0.7860365118620056,3,1.5779153653677465,1.0,1.1065430370888734,1.1065430370888734,0.710069856956368,False,0,13,0.0,40.0,Fair
1,101,5902,3,1256,32.308451,-86.342924,11010059023,0.8655983061101282,3,1.218446850000582,1.5171482022193752,5.447118939202529,0.1125827176397574,0.1241858240050733,0.0541644992023717,0.0985381840181365,Excellent,1.1967638907875278,3,1.38258575870557,0.3311655846773995,1.1967638907875278,3,1.38258575870557,1.2725713646588044,3,1.470163880492735,1.0,1.0633437175493252,1.0633437175493252,1.196389125343415,False,0,29,0.0,30.0,Poor
1,101,5903,1,886,32.110987,-86.386441,11010059031,4.510479916762439,0,4.545221129997451,15.095566435959125,19.2841267610015,0.681191678451203,0.5294069048613198,0.5628649779746253,0.6001582362312647,Fair,6.83615643680018,0,1.5156162011485197,2.3256765200377405,6.65863024593933,0,1.476257597599238,6.675407309828874,0,1.479977171613346,0.9740312860739704,1.0025195968645018,0.9764854522482888,6.6564558648051735,False,0,18,0.0,0.0,Very Poor
1,101,5903,2,1057,32.176767,-86.32388,11010059032,4.351678212880343,0,4.380059970003259,9.945379594149934,14.011908990965312,0.656418288951914,0.5092892839662885,0.3699189022907181,0.5263297714578676,Fair,3.7270558116992065,0,0.8564640190232026,-0.6246224011811368,3.7270558116992065,0,0.8564640190232026,3.720779947059043,0,0.8550218479036589,1.0,0.9983161334422566,0.9983161334422566,3.7257054423355,False,0,11,0.0,10.0,Very Poor
1,101,5904,1,1138,32.251209,-86.308086,11010059041,1.2746793995792571,1,1.729534680003475,4.945039554118364,8.832076427141812,0.176400202071978,0.1864393902092826,0.182586671938026,0.1812678994729838,Excellent,1.2909639976636385,1,1.012775446194358,0.0162845980843813,1.2807734847825816,1,1.004780876827017,1.273192737395454,1,0.9988336971757024,0.9921062764728532,0.9940811177954588,0.9862341162880246,1.2801727836562746,False,0,10,0.0,30.0,Poor
1,101,5904,2,610,32.231784,-86.368761,11010059042,2.311922887447378,2,3.2506238100025513,6.856472393403534,11.00459209494324,0.3382123004461635,0.3717171786793479,0.2541963972939058,0.3230589929704415,Good,6.213665229224403,3,2.6876611079727604,3.901742341777025,6.213665229224403,3,2.6876611079727604,6.009917108876931,1,2.599531818949443,1.0,0.9672096720967208,0.9672096720967208,7.0403743272878065,False,0,32,0.0,0.0,Very Poor
1,101,5904,3,621,32.284947,-86.387826,11010059043,1.7283548207319357,4,2.0014505699978073,4.031225948205123,8.526591630060013,0.2471744925217446,0.2195603781608894,0.1483516520090048,0.2092434060596661,Excellent,2.842531721078206,4,1.6446459297486329,1.1141769003462705,2.754669616115923,4,1.5938102425920602,2.755788087041893,4,1.594457372980192,0.9690901936781356,1.00040602724894,0.9694836707034494,2.7536204431479754,False,0,12,0.0,20.0,Poor
1,101,6000,1,715,32.374155,-86.386092,11010060001,1.2758195904823917,19,1.607357760000539,3.374265574066475,5.4051336665669805,0.1765780741769768,0.171557507817393,0.1237393554140806,0.1592202886402328,Excellent,1.7387873289671545,19,1.3628786875029195,0.4629677384847628,1.4776865050269057,19,1.1582252820464902,1.688269725477525,19,1.323282490778484,0.8498374012793481,1.1425087254530926,0.9709466461780364,1.4770757862505102,False,0,20,0.0,30.0,Poor
1,101,6000,2,463,32.387555,-86.405814,11010060002,1.0092025482122369,19,1.2558717600010496,4.955032168612205,6.77918390048765,0.1349852721236002,0.1287444027377884,0.18296103423043,0.1475057399399056,Excellent,1.1820994942025924,19,1.1713203620984072,0.1728969459903555,1.1820994942025924,19,1.1713203620984072,1.180608199634633,19,1.169842666099124,1.0,0.9987384356602188,0.9987384356602188,1.1815601007950447,False,0,8,0.0,30.0,Poor
1,101,6000,3,1265,32.359939,-86.436134,11010060003,1.321449503431161,11,1.8035268300015943,5.718091021834908,8.946137048433664,0.1836964336067837,0.1954520783190223,0.2115481934476408,0.1955786549727124,Excellent,1.6546534604247705,11,1.2521503516618993,0.3332039569936094,1.6546534604247705,11,1.2521503516618993,1.659065206854984,11,1.2554889176977246,1.0,1.0026662661008674,1.0026662661008674,1.6543121289559701,False,0,15,0.0,30.0,Poor
1,101,6000,4,766,32.332126,-86.423928,11010060004,2.355493768560174,11,3.2509522499988392,4.607656258995284,8.638722600612192,0.345009446712528,0.37175718464281,0.1699469785065473,0.3005150276298184,Good,3.3916388084556406,11,1.4398844326082951,1.0361450398954668,3.100152857693216,11,1.3161371509754511,3.1267476108218277,11,1.327427672514325,0.9140574904274223,1.0085785296239878,0.921898759687082,3.099204527416041,False,0,19,0.0,10.0,Very Poor
1,101,6100,1,2062,32.315369,-86.382859,11010061001,0.4307784608103937,4,0.5033391299951973,2.2166853722979813,6.792743190826852,0.0447499354573404,0.0370814102876807,0.0803718885471589,0.053135963833388,Excellent,0.7030211142455914,4,1.6319783327212936,0.2722426534351977,0.6812730684628482,4,1.5814928796143064,0.626965091279655,4,1.4554234909985726,0.9690648753756408,0.9202845676760306,0.8918154498850981,0.6810750850929468,False,0,16,0.0,40.0,Fair
